[
  {
    "region_name": "Qoraqalpog'iston Respublikasi",
    "values": [
      {
        "year": 2017,
        "value": 35.8
      },
      {
        "year": 2018,
        "value": 33.2
      },
      {
        "year": 2019,
        "value": 30.5
      },
      {
        "year": 2020,
        "value": 28.9
      },
      {
        "year": 2021,
        "value": 27.1
      },
      {
        "year": 2022,
        "value": 25.8
      },
      {
        "year": 2023,
        "value": 24.2
      },
      {
        "year": 2024,
        "value": 22.9
      }
    ]
  },
  {
    "region_name": "Andijon viloyati",
    "values": [
      {
        "year": 2017,
        "value": 47.2
      },
      {
        "year": 2018,
        "value": 44.9
      },
      {
        "year": 2019,
        "value": 40.4
      },
      {
        "year": 2020,
        "value": 38.4
      },
      {
        "year": 2021,
        "value": 36.1
      },
      {
        "year": 2022,
        "value": 34.3
      },
      {
        "year": 2023,
        "value": 32.2
      },
      {
        "year": 2024,
        "value": 30.5
      }
    ]
  },
  {
    "region_name": "Buxoro viloyati",
    "values": [
      {
        "year": 2017,
        "value": 42.1
      },
      {
        "year": 2018,
        "value": 39.8
      },
      {
        "year": 2019,
        "value": 36.2
      },
      {
        "year": 2020,
        "value": 34.3
      },
      {
        "year": 2021,
        "value": 32.2
      },
      {
        "year": 2022,
        "value": 30.6
      },
      {
        "year": 2023,
        "value": 28.7
      },
      {
        "year": 2024,
        "value": 27.2
      }
    ]
  },
  {
    "region_name": "Jizzax viloyati",
    "values": [
      {
        "year": 2017,
        "value": 45.6
      },
      {
        "year": 2018,
        "value": 43.2
      },
      {
        "year": 2019,
        "value": 39.1
      },
      {
        "year": 2020,
        "value": 37.2
      },
      {
        "year": 2021,
        "value": 34.9
      },
      {
        "year": 2022,
        "value": 33.2
      },
      {
        "year": 2023,
        "value": 31.1
      },
      {
        "year": 2024,
        "value": 29.5
      }
    ]
  },
  {
    "region_name": "Qashqadaryo viloyati",
    "values": [
      {
        "year": 2017,
        "value": 44.3
      },
      {
        "year": 2018,
        "value": 41.9
      },
      {
        "year": 2019,
        "value": 37.8
      },
      {
        "year": 2020,
        "value": 35.9
      },
      {
        "year": 2021,
        "value": 33.7
      },
      {
        "year": 2022,
        "value": 32
      },
      {
        "year": 2023,
        "value": 30
      },
      {
        "year": 2024,
        "value": 28.4
      }
    ]
  },
  {
    "region_name": "Navoiy viloyati",
    "values": [
      {
        "year": 2017,
        "value": 37.8
      },
      {
        "year": 2018,
        "value": 34.3
      },
      {
        "year": 2019,
        "value": 31.1
      },
      {
        "year": 2020,
        "value": 29.5
      },
      {
        "year": 2021,
        "value": 27.7
      },
      {
        "year": 2022,
        "value": 26.3
      },
      {
        "year": 2023,
        "value": 24.7
      },
      {
        "year": 2024,
        "value": 23.4
      }
    ]
  },
  {
    "region_name": "Namangan viloyati",
    "values": [
      {
        "year": 2017,
        "value": 46.5
      },
      {
        "year": 2018,
        "value": 44.2
      },
      {
        "year": 2019,
        "value": 39.8
      },
      {
        "year": 2020,
        "value": 37.8
      },
      {
        "year": 2021,
        "value": 35.5
      },
      {
        "year": 2022,
        "value": 33.7
      },
      {
        "year": 2023,
        "value": 31.6
      },
      {
        "year": 2024,
        "value": 30
      }
    ]
  },
  {
    "region_name": "Samarqand viloyati",
    "values": [
      {
        "year": 2017,
        "value": 45.9
      },
      {
        "year": 2018,
        "value": 43.6
      },
      {
        "year": 2019,
        "value": 39.4
      },
      {
        "year": 2020,
        "value": 37.4
      },
      {
        "year": 2021,
        "value": 35.1
      },
      {
        "year": 2022,
        "value": 33.4
      },
      {
        "year": 2023,
        "value": 31.3
      },
      {
        "year": 2024,
        "value": 29.7
      }
    ]
  },
  {
    "region_name": "Surxondaryo viloyati",
    "values": [
      {
        "year": 2017,
        "value": 43.7
      },
      {
        "year": 2018,
        "value": 41.4
      },
      {
        "year": 2019,
        "value": 37.3
      },
      {
        "year": 2020,
        "value": 35.4
      },
      {
        "year": 2021,
        "value": 33.2
      },
      {
        "year": 2022,
        "value": 31.6
      },
      {
        "year": 2023,
        "value": 29.6
      },
      {
        "year": 2024,
        "value": 28.1
      }
    ]
  },
  {
    "region_name": "Sirdaryo viloyati",
    "values": [
      {
        "year": 2017,
        "value": 41.2
      },
      {
        "year": 2018,
        "value": 38.9
      },
      {
        "year": 2019,
        "value": 35.3
      },
      {
        "year": 2020,
        "value": 33.5
      },
      {
        "year": 2021,
        "value": 31.4
      },
      {
        "year": 2022,
        "value": 29.8
      },
      {
        "year": 2023,
        "value": 28
      },
      {
        "year": 2024,
        "value": 26.5
      }
    ]
  },
  {
    "region_name": "Toshkent viloyati",
    "values": [
      {
        "year": 2017,
        "value": 39.1
      },
      {
        "year": 2018,
        "value": 36.8
      },
      {
        "year": 2019,
        "value": 33.2
      },
      {
        "year": 2020,
        "value": 31.5
      },
      {
        "year": 2021,
        "value": 29.6
      },
      {
        "year": 2022,
        "value": 28.1
      },
      {
        "year": 2023,
        "value": 26.4
      },
      {
        "year": 2024,
        "value": 25
      }
    ]
  },
  {
    "region_name": "Farg'ona viloyati",
    "values": [
      {
        "year": 2017,
        "value": 45.2
      },
      {
        "year": 2018,
        "value": 42.9
      },
      {
        "year": 2019,
        "value": 38.7
      },
      {
        "year": 2020,
        "value": 36.8
      },
      {
        "year": 2021,
        "value": 34.5
      },
      {
        "year": 2022,
        "value": 32.8
      },
      {
        "year": 2023,
        "value": 30.8
      },
      {
        "year": 2024,
        "value": 29.2
      }
    ]
  },
  {
    "region_name": "Xorazm viloyati",
    "values": [
      {
        "year": 2017,
        "value": 43.1
      },
      {
        "year": 2018,
        "value": 40.8
      },
      {
        "year": 2019,
        "value": 36.7
      },
      {
        "year": 2020,
        "value": 34.8
      },
      {
        "year": 2021,
        "value": 32.7
      },
      {
        "year": 2022,
        "value": 31.1
      },
      {
        "year": 2023,
        "value": 29.2
      },
      {
        "year": 2024,
        "value": 27.7
      }
    ]
  },
  {
    "region_name": "Toshkent shahri",
    "values": [
      {
        "year": 2017,
        "value": 36.5
      },
      {
        "year": 2018,
        "value": 33.2
      },
      {
        "year": 2019,
        "value": 30.1
      },
      {
        "year": 2020,
        "value": 28.6
      },
      {
        "year": 2021,
        "value": 26.8
      },
      {
        "year": 2022,
        "value": 25.5
      },
      {
        "year": 2023,
        "value": 23.9
      },
      {
        "year": 2024,
        "value": 22.7
      }
    ]
  }
]