[
  {
    "dataset_id": "1582",
    "question": "Bu dataset nima haqida?",
    "answer": "Yalpi ichki (hududiy) mahsulot hajmi (choraklik)"
  },
  {
    "dataset_id": "1582",
    "question": "Dataset oxirgi marta qachon yangilangan?",
    "answer": "Dataset oxirgi marta 2024-11-20 sanasida yangilangan."
  },
  {
    "dataset_id": "1582",
    "question": "Bu ma'lumotlar qanday metodologiya asosida hisoblanadi?",
    "answer": "Yalpi ichki mahsulot “Milliy hisoblar tizimi – 2008” xalqaro uslubiyoti bo‘yicha iqtisodiy rezident-birliklar ishlab chiqarish faoliyatining yakuniy natijasini ifodalovchi va ushbu birliklar tomonidan yakuniy foydalanish uchun ishlab chiqarilgan tovarlar va xizmatlar qiymati orqali o‘lchanadi.  Yalpi qo‘shilgan qiymat ishlab chiqarilgan tovarlar va xizmatlar qiymati (ishlab chiqarish) va ishlab chiqarish jarayonida to‘laligicha iste’mol qilingan tovarlar va xizmatlar qiymati (oraliq iste’mol) o‘rtasidagi farq orqali aniqlanadi. YAIM yalpi qo‘shilgan qiymatga mahsulotlar uchun sof soliqlarni qo‘shgan holda aniqlanadi."
  },
  {
    "dataset_id": "1582",
    "question": "Bu ma'lumotlar uchun kim mas'ul?",
    "answer": "Mexmonov Jahongir Osimxonovich"
  },
  {
    "dataset_id": "1794",
    "question": "Dataset oxirgi marta qachon yangilangan?",
    "answer": "Dataset oxirgi marta 2024-11-20 sanasida yangilangan."
  },
  {
    "dataset_id": "1794",
    "question": "Bu ma'lumotlar qanday metodologiya asosida hisoblanadi?",
    "answer": "Deflyator indeksi “Milliy hisoblar tizimi – 2008” xalqaro uslubiyoti bo‘yicha iqtisodiyotda narxlarning o‘rtacha o‘zgarishini ifodalaydi va nominal qo‘shilgan qiymat hajmini  real qo‘shilgan qiymat hajmiga nisbati orqali hisoblanadi. Yalpi qo‘shilgan qiymat ishlab chiqarilgan tovarlar va xizmatlar qiymati (ishlab chiqarish) va ishlab chiqarish jarayonida to‘laligicha iste’mol qilingan tovarlar va xizmatlar qiymati (oraliq iste’mol) o‘rtasidagi farq orqali aniqlanadi."
  },
  {
    "dataset_id": "1794",
    "question": "Bu ma'lumotlar uchun kim mas'ul?",
    "answer": "Mexmonov Jahongir Osimxonovich"
  },
  {
    "dataset_id": "3104",
    "question": "Dataset oxirgi marta qachon yangilangan?",
    "answer": "Dataset oxirgi marta 2024-11-25 sanasida yangilangan."
  },
  {
    "dataset_id": "3104",
    "question": "Bu ma'lumotlar qanday metodologiya asosida hisoblanadi?",
    "answer": "Yakuniy iste’mol usulida hisoblangan yalpi ichki mahsulot “Milliy hisoblar tizimi – 2008” xalqaro uslubiyoti bo‘yicha iqtisodiyotdagi barcha rezident institutsional birliklarining yakuniy iste’molga, yalpi jamg‘arilishga va sof eksportga qilgan xarajatlarini ifodalaydi."
  },
  {
    "dataset_id": "3114",
    "question": "Dataset oxirgi marta qachon yangilangan?",
    "answer": "Dataset oxirgi marta 2024-11-25 sanasida yangilangan."
  },
  {
    "dataset_id": "3114",
    "question": "Bu ma'lumotlar qanday metodologiya asosida hisoblanadi?",
    "answer": "Doimiy narxlar “Milliy hisoblar tizimi – 2008” xalqaro uslubiyoti bo‘yicha shartli ravishda taqqoslanadigan narxlar bo'lib, o‘tgan yilning mos davri yoki o‘tgan yil narxlaridagi hajmli ko'rsatkichlarni ifodalaydi. Ushbu ko‘rsatkich iqtisodiy tahlillarda narx omilining ta'sirini chiqarib tashlagan holda turli davrdagi hajmlarni solishtirish uchun ishlatiladi."
  },
  {
    "dataset_id": "3122",
    "question": "Dataset oxirgi marta qachon yangilangan?",
    "answer": "Dataset oxirgi marta 2024-11-25 sanasida yangilangan."
  },
  {
    "dataset_id": "3122",
    "question": "Bu ma'lumotlar qanday metodologiya asosida hisoblanadi?",
    "answer": "O‘sish sur’ati “Milliy hisoblar tizimi – 2008” xalqaro uslubiyoti bo‘yicha doimiy narxlardagi, ya’ni o‘tgan yilning mos davri narxlarida hisoblangan hisobot davri uchun hajmni joriy narxlardagi o‘tgan yilning mos davri hajmiga nisbati orqali hisoblanadi."
  },
  {
    "dataset_id": "3837",
    "question": "Bu dataset nima haqida?",
    "answer": "Norasmiy iqtisodiyot hajmi"
  },
  {
    "dataset_id": "3837",
    "question": "Dataset oxirgi marta qachon yangilangan?",
    "answer": "Dataset oxirgi marta 2024-08-21 sanasida yangilangan."
  },
  {
    "dataset_id": "3837",
    "question": "Bu ma'lumotlar uchun kim mas'ul?",
    "answer": "Kamilova Ziyoda Abdurahimovna"
  },
  {
    "dataset_id": "3837",
    "question": "2017 yilda Norasmiy iqtisodiyot hajmi bo'yicha eng yuqori ko'rsatkich qaysi hududda qayd etilgan?",
    "answer": "2017 yilda eng yuqori ko'rsatkich 134 788,6 bilan JAMIda qayd etilgan."
  },
  {
    "dataset_id": "3837",
    "question": "2017 yilda Norasmiy iqtisodiyot hajmi bo'yicha eng past ko'rsatkich qaysi hududda qayd etilgan?",
    "answer": "2017 yilda eng past ko'rsatkich 9 391,3 bilan Qurilishda qayd etilgan."
  },
  {
    "dataset_id": "3837",
    "question": "2017 yilda O'zbekiston bo'yicha Norasmiy iqtisodiyot hajmining o'rtacha ko'rsatkichi qancha edi?",
    "answer": "2017 yilda O'zbekiston bo'yicha o'rtacha ko'rsatkich 53 915,5ni tashkil etgan."
  },
  {
    "dataset_id": "3837",
    "question": "2018 yilda Norasmiy iqtisodiyot hajmi bo'yicha eng yuqori ko'rsatkich qaysi hududda qayd etilgan?",
    "answer": "2018 yilda eng yuqori ko'rsatkich 162 631,7 bilan JAMIda qayd etilgan."
  },
  {
    "dataset_id": "3837",
    "question": "2018 yilda Norasmiy iqtisodiyot hajmi bo'yicha eng past ko'rsatkich qaysi hududda qayd etilgan?",
    "answer": "2018 yilda eng past ko'rsatkich 10 809,2 bilan Sanoatda qayd etilgan."
  },
  {
    "dataset_id": "3837",
    "question": "2018 yilda O'zbekiston bo'yicha Norasmiy iqtisodiyot hajmining o'rtacha ko'rsatkichi qancha edi?",
    "answer": "2018 yilda O'zbekiston bo'yicha o'rtacha ko'rsatkich 65 052,7ni tashkil etgan."
  },
  {
    "dataset_id": "3837",
    "question": "2018 yilda Norasmiy iqtisodiyot hajmi bo'yicha eng yuqori o'sish sur'ati qaysi hududda qayd etilgan?",
    "answer": "2018 yilda eng yuqori o'sish sur'ati 29.4% bilan Qishloq, o‘rmon vа bаliq xo‘jаligida qayd etilgan."
  },
  {
    "dataset_id": "3837",
    "question": "2018 yilda Norasmiy iqtisodiyot hajmi bo'yicha eng past o'sish sur'ati qaysi hududda qayd etilgan?",
    "answer": "2018 yilda eng past o'sish sur'ati -3.0% bilan Sanoatda qayd etilgan."
  },
  {
    "dataset_id": "3837",
    "question": "2019 yilda Norasmiy iqtisodiyot hajmi bo'yicha eng yuqori ko'rsatkich qaysi hududda qayd etilgan?",
    "answer": "2019 yilda eng yuqori ko'rsatkich 185 205 bilan JAMIda qayd etilgan."
  },
  {
    "dataset_id": "3837",
    "question": "2019 yilda Norasmiy iqtisodiyot hajmi bo'yicha eng past ko'rsatkich qaysi hududda qayd etilgan?",
    "answer": "2019 yilda eng past ko'rsatkich 13 380,8 bilan Qurilishda qayd etilgan."
  },
  {
    "dataset_id": "3837",
    "question": "2019 yilda O'zbekiston bo'yicha Norasmiy iqtisodiyot hajmining o'rtacha ko'rsatkichi qancha edi?",
    "answer": "2019 yilda O'zbekiston bo'yicha o'rtacha ko'rsatkich 74 082ni tashkil etgan."
  },
  {
    "dataset_id": "3837",
    "question": "2019 yilda Norasmiy iqtisodiyot hajmi bo'yicha eng yuqori o'sish sur'ati qaysi hududda qayd etilgan?",
    "answer": "2019 yilda eng yuqori o'sish sur'ati 27.4% bilan Sanoatda qayd etilgan."
  },
  {
    "dataset_id": "3837",
    "question": "2019 yilda Norasmiy iqtisodiyot hajmi bo'yicha eng past o'sish sur'ati qaysi hududda qayd etilgan?",
    "answer": "2019 yilda eng past o'sish sur'ati 10.3% bilan Qishloq, o‘rmon vа bаliq xo‘jаligida qayd etilgan."
  },
  {
    "dataset_id": "3837",
    "question": "2020 yilda Norasmiy iqtisodiyot hajmi bo'yicha eng yuqori ko'rsatkich qaysi hududda qayd etilgan?",
    "answer": "2020 yilda eng yuqori ko'rsatkich 206 868,1 bilan JAMIda qayd etilgan."
  },
  {
    "dataset_id": "3837",
    "question": "2020 yilda Norasmiy iqtisodiyot hajmi bo'yicha eng past ko'rsatkich qaysi hududda qayd etilgan?",
    "answer": "2020 yilda eng past ko'rsatkich 13 904,8 bilan Sanoatda qayd etilgan."
  },
  {
    "dataset_id": "3837",
    "question": "2020 yilda O'zbekiston bo'yicha Norasmiy iqtisodiyot hajmining o'rtacha ko'rsatkichi qancha edi?",
    "answer": "2020 yilda O'zbekiston bo'yicha o'rtacha ko'rsatkich 82 747,2ni tashkil etgan."
  },
  {
    "dataset_id": "3837",
    "question": "2020 yilda Norasmiy iqtisodiyot hajmi bo'yicha eng yuqori o'sish sur'ati qaysi hududda qayd etilgan?",
    "answer": "2020 yilda eng yuqori o'sish sur'ati 17.2% bilan Qurilishda qayd etilgan."
  },
  {
    "dataset_id": "3837",
    "question": "2020 yilda Norasmiy iqtisodiyot hajmi bo'yicha eng past o'sish sur'ati qaysi hududda qayd etilgan?",
    "answer": "2020 yilda eng past o'sish sur'ati 1.0% bilan Sanoatda qayd etilgan."
  },
  {
    "dataset_id": "3837",
    "question": "2021 yilda Norasmiy iqtisodiyot hajmi bo'yicha eng yuqori ko'rsatkich qaysi hududda qayd etilgan?",
    "answer": "2021 yilda eng yuqori ko'rsatkich 243 544,9 bilan JAMIda qayd etilgan."
  },
  {
    "dataset_id": "3837",
    "question": "2021 yilda Norasmiy iqtisodiyot hajmi bo'yicha eng past ko'rsatkich qaysi hududda qayd etilgan?",
    "answer": "2021 yilda eng past ko'rsatkich 12 422,7 bilan Sanoatda qayd etilgan."
  },
  {
    "dataset_id": "3837",
    "question": "2021 yilda O'zbekiston bo'yicha Norasmiy iqtisodiyot hajmining o'rtacha ko'rsatkichi qancha edi?",
    "answer": "2021 yilda O'zbekiston bo'yicha o'rtacha ko'rsatkich 97 418ni tashkil etgan."
  },
  {
    "dataset_id": "3837",
    "question": "2021 yilda Norasmiy iqtisodiyot hajmi bo'yicha eng yuqori o'sish sur'ati qaysi hududda qayd etilgan?",
    "answer": "2021 yilda eng yuqori o'sish sur'ati 25.9% bilan Qurilishda qayd etilgan."
  },
  {
    "dataset_id": "3837",
    "question": "2021 yilda Norasmiy iqtisodiyot hajmi bo'yicha eng past o'sish sur'ati qaysi hududda qayd etilgan?",
    "answer": "2021 yilda eng past o'sish sur'ati -10.7% bilan Sanoatda qayd etilgan."
  },
  {
    "dataset_id": "3837",
    "question": "2022 yilda Norasmiy iqtisodiyot hajmi bo'yicha eng yuqori ko'rsatkich qaysi hududda qayd etilgan?",
    "answer": "2022 yilda eng yuqori ko'rsatkich 271 275,8 bilan JAMIda qayd etilgan."
  },
  {
    "dataset_id": "3837",
    "question": "2022 yilda Norasmiy iqtisodiyot hajmi bo'yicha eng past ko'rsatkich qaysi hududda qayd etilgan?",
    "answer": "2022 yilda eng past ko'rsatkich 11 760,8 bilan Sanoatda qayd etilgan."
  },
  {
    "dataset_id": "3837",
    "question": "2022 yilda O'zbekiston bo'yicha Norasmiy iqtisodiyot hajmining o'rtacha ko'rsatkichi qancha edi?",
    "answer": "2022 yilda O'zbekiston bo'yicha o'rtacha ko'rsatkich 108 510,3ni tashkil etgan."
  },
  {
    "dataset_id": "3837",
    "question": "2022 yilda Norasmiy iqtisodiyot hajmi bo'yicha eng yuqori o'sish sur'ati qaysi hududda qayd etilgan?",
    "answer": "2022 yilda eng yuqori o'sish sur'ati 15.6% bilan Xizmatlarda qayd etilgan."
  },
  {
    "dataset_id": "3837",
    "question": "2022 yilda Norasmiy iqtisodiyot hajmi bo'yicha eng past o'sish sur'ati qaysi hududda qayd etilgan?",
    "answer": "2022 yilda eng past o'sish sur'ati -5.3% bilan Sanoatda qayd etilgan."
  },
  {
    "dataset_id": "3837",
    "question": "2023 yilda Norasmiy iqtisodiyot hajmi bo'yicha eng yuqori ko'rsatkich qaysi hududda qayd etilgan?",
    "answer": "2023 yilda eng yuqori ko'rsatkich 320 201,7 bilan JAMIda qayd etilgan."
  },
  {
    "dataset_id": "3837",
    "question": "2023 yilda Norasmiy iqtisodiyot hajmi bo'yicha eng past ko'rsatkich qaysi hududda qayd etilgan?",
    "answer": "2023 yilda eng past ko'rsatkich 14 510 bilan Sanoatda qayd etilgan."
  },
  {
    "dataset_id": "3837",
    "question": "2023 yilda O'zbekiston bo'yicha Norasmiy iqtisodiyot hajmining o'rtacha ko'rsatkichi qancha edi?",
    "answer": "2023 yilda O'zbekiston bo'yicha o'rtacha ko'rsatkich 128 080,7ni tashkil etgan."
  },
  {
    "dataset_id": "3837",
    "question": "2023 yilda Norasmiy iqtisodiyot hajmi bo'yicha eng yuqori o'sish sur'ati qaysi hududda qayd etilgan?",
    "answer": "2023 yilda eng yuqori o'sish sur'ati 23.4% bilan Sanoatda qayd etilgan."
  },
  {
    "dataset_id": "3837",
    "question": "2023 yilda Norasmiy iqtisodiyot hajmi bo'yicha eng past o'sish sur'ati qaysi hududda qayd etilgan?",
    "answer": "2023 yilda eng past o'sish sur'ati 17.5% bilan Qurilishda qayd etilgan."
  },
  {
    "dataset_id": "3837",
    "question": "2024 yilda Norasmiy iqtisodiyot hajmi bo'yicha eng yuqori ko'rsatkich qaysi hududda qayd etilgan?",
    "answer": "2024 yilda eng yuqori ko'rsatkich 383 643,7 bilan JAMIda qayd etilgan."
  },
  {
    "dataset_id": "3837",
    "question": "2024 yilda Norasmiy iqtisodiyot hajmi bo'yicha eng past ko'rsatkich qaysi hududda qayd etilgan?",
    "answer": "2024 yilda eng past ko'rsatkich 18 665,5 bilan Sanoatda qayd etilgan."
  },
  {
    "dataset_id": "3837",
    "question": "2024 yilda O'zbekiston bo'yicha Norasmiy iqtisodiyot hajmining o'rtacha ko'rsatkichi qancha edi?",
    "answer": "2024 yilda O'zbekiston bo'yicha o'rtacha ko'rsatkich 153 457,5ni tashkil etgan."
  },
  {
    "dataset_id": "3837",
    "question": "2024 yilda Norasmiy iqtisodiyot hajmi bo'yicha eng yuqori o'sish sur'ati qaysi hududda qayd etilgan?",
    "answer": "2024 yilda eng yuqori o'sish sur'ati 30.6% bilan Xizmatlarda qayd etilgan."
  },
  {
    "dataset_id": "3837",
    "question": "2024 yilda Norasmiy iqtisodiyot hajmi bo'yicha eng past o'sish sur'ati qaysi hududda qayd etilgan?",
    "answer": "2024 yilda eng past o'sish sur'ati 11.0% bilan Qishloq, o‘rmon vа bаliq xo‘jаligida qayd etilgan."
  },
  {
    "dataset_id": "3837",
    "question": "JAMIda Norasmiy iqtisodiyot hajmi ko'rsatkichlari qanday dinamikaga ega?",
    "answer": "JAMIda ko'rsatkichlarning o'rtacha qiymati 238 519,9, eng yuqori ko'rsatkich 383 643,7, eng past ko'rsatkich 134 788,6ni tashkil etgan. Umumiy tendensiya o'sish tomon yo'nalgan."
  },
  {
    "dataset_id": "3837",
    "question": "JAMIda Norasmiy iqtisodiyot hajmining ko'p yillik o'rtacha o'sish sur'ati qanday?",
    "answer": "JAMIda 2017-2024 yillar oralig'ida o'rtacha yillik o'sish sur'ati 16.2%ni tashkil etgan."
  },
  {
    "dataset_id": "3837",
    "question": "Qishloq, o‘rmon vа bаliq xo‘jаligida Norasmiy iqtisodiyot hajmi ko'rsatkichlari qanday dinamikaga ega?",
    "answer": "Qishloq, o‘rmon vа bаliq xo‘jаligida ko'rsatkichlarning o'rtacha qiymati 112 821,7, eng yuqori ko'rsatkich 169 526,7, eng past ko'rsatkich 62 048,4ni tashkil etgan. Umumiy tendensiya o'sish tomon yo'nalgan."
  },
  {
    "dataset_id": "3837",
    "question": "Qishloq, o‘rmon vа bаliq xo‘jаligida Norasmiy iqtisodiyot hajmining ko'p yillik o'rtacha o'sish sur'ati qanday?",
    "answer": "Qishloq, o‘rmon vа bаliq xo‘jаligida 2017-2024 yillar oralig'ida o'rtacha yillik o'sish sur'ati 15.6%ni tashkil etgan."
  },
  {
    "dataset_id": "3837",
    "question": "Sanoatda Norasmiy iqtisodiyot hajmi ko'rsatkichlari qanday dinamikaga ega?",
    "answer": "Sanoatda ko'rsatkichlarning o'rtacha qiymati 13 373,1, eng yuqori ko'rsatkich 18 665,5, eng past ko'rsatkich 10 809,2ni tashkil etgan. Umumiy tendensiya o'sish tomon yo'nalgan."
  },
  {
    "dataset_id": "3837",
    "question": "Sanoatda Norasmiy iqtisodiyot hajmining ko'p yillik o'rtacha o'sish sur'ati qanday?",
    "answer": "Sanoatda 2017-2024 yillar oralig'ida o'rtacha yillik o'sish sur'ati 8.8%ni tashkil etgan."
  },
  {
    "dataset_id": "3837",
    "question": "Xizmatlarda Norasmiy iqtisodiyot hajmi ko'rsatkichlari qanday dinamikaga ega?",
    "answer": "Xizmatlarda ko'rsatkichlarning o'rtacha qiymati 93 717,5, eng yuqori ko'rsatkich 165 136,8, eng past ko'rsatkich 52 210,2ni tashkil etgan. Umumiy tendensiya o'sish tomon yo'nalgan."
  },
  {
    "dataset_id": "3837",
    "question": "Xizmatlarda Norasmiy iqtisodiyot hajmining ko'p yillik o'rtacha o'sish sur'ati qanday?",
    "answer": "Xizmatlarda 2017-2024 yillar oralig'ida o'rtacha yillik o'sish sur'ati 18.0%ni tashkil etgan."
  },
  {
    "dataset_id": "3837",
    "question": "Qurilishda Norasmiy iqtisodiyot hajmi ko'rsatkichlari qanday dinamikaga ega?",
    "answer": "Qurilishda ko'rsatkichlarning o'rtacha qiymati 18 607,7, eng yuqori ko'rsatkich 30 314,7, eng past ko'rsatkich 9 391,3ni tashkil etgan. Umumiy tendensiya o'sish tomon yo'nalgan."
  },
  {
    "dataset_id": "3837",
    "question": "Qurilishda Norasmiy iqtisodiyot hajmining ko'p yillik o'rtacha o'sish sur'ati qanday?",
    "answer": "Qurilishda 2017-2024 yillar oralig'ida o'rtacha yillik o'sish sur'ati 18.3%ni tashkil etgan."
  },
  {
    "dataset_id": "3837",
    "question": "2017-2024 yillar oralig'ida JAMIda Norasmiy iqtisodiyot hajmi qanday o'zgargan?",
    "answer": "2017-2024 yillar oralig'ida JAMIda ko'rsatkich 184.6% ga oshgan."
  },
  {
    "dataset_id": "3837",
    "question": "2017-2024 yillar oralig'ida Qishloq, o‘rmon vа bаliq xo‘jаligida Norasmiy iqtisodiyot hajmi qanday o'zgargan?",
    "answer": "2017-2024 yillar oralig'ida Qishloq, o‘rmon vа bаliq xo‘jаligida ko'rsatkich 173.2% ga oshgan."
  },
  {
    "dataset_id": "3837",
    "question": "2017-2024 yillar oralig'ida Sanoatda Norasmiy iqtisodiyot hajmi qanday o'zgargan?",
    "answer": "2017-2024 yillar oralig'ida Sanoatda ko'rsatkich 67.6% ga oshgan."
  },
  {
    "dataset_id": "3837",
    "question": "2017-2024 yillar oralig'ida Xizmatlarda Norasmiy iqtisodiyot hajmi qanday o'zgargan?",
    "answer": "2017-2024 yillar oralig'ida Xizmatlarda ko'rsatkich 216.3% ga oshgan."
  },
  {
    "dataset_id": "3837",
    "question": "2017-2024 yillar oralig'ida Qurilishda Norasmiy iqtisodiyot hajmi qanday o'zgargan?",
    "answer": "2017-2024 yillar oralig'ida Qurilishda ko'rsatkich 222.8% ga oshgan."
  },
  {
    "dataset_id": "3837",
    "question": "2024 yil holatiga ko'ra Norasmiy iqtisodiyot hajmi bo'yicha yetakchi hududlar qaysilar?",
    "answer": "2024 yilda eng yuqori ko'rsatkichlar:\n1. JAMI - 383 643,7\n2. Qishloq, o‘rmon vа bаliq xo‘jаligi - 169 526,7\n3. Xizmatlar - 165 136,8"
  },
  {
    "dataset_id": "3837",
    "question": "2024 yil holatiga ko'ra Norasmiy iqtisodiyot hajmi bo'yicha eng past ko'rsatkichli hududlar qaysilar?",
    "answer": "2024 yilda eng past ko'rsatkichlar:\n1. Sanoat - 18 665,5\n2. Qurilish - 30 314,7\n3. Xizmatlar - 165 136,8"
  },
  {
    "dataset_id": "3840",
    "question": "Bu dataset nima haqida?",
    "answer": "Norasmiy iqtisodiyotning YAIMdagi ulushi, foizda"
  },
  {
    "dataset_id": "3840",
    "question": "Dataset oxirgi marta qachon yangilangan?",
    "answer": "Dataset oxirgi marta 2024-08-21 sanasida yangilangan."
  },
  {
    "dataset_id": "3840",
    "question": "Bu ma'lumotlar uchun kim mas'ul?",
    "answer": "Kamilova Ziyoda Abdurahimovna"
  },
  {
    "dataset_id": "3840",
    "question": "2017 yilda Norasmiy iqtisodiyotning YAIMdagi ulushi, foizda bo'yicha eng yuqori ko'rsatkich qaysi hududda qayd etilgan?",
    "answer": "2017 yilda eng yuqori ko'rsatkich 68,4 bilan Qishloq, o‘rmon vа bаliq xo‘jаligida qayd etilgan."
  },
  {
    "dataset_id": "3840",
    "question": "2017 yilda Norasmiy iqtisodiyotning YAIMdagi ulushi, foizda bo'yicha eng past ko'rsatkich qaysi hududda qayd etilgan?",
    "answer": "2017 yilda eng past ko'rsatkich 17,1 bilan Sanoatda qayd etilgan."
  },
  {
    "dataset_id": "3840",
    "question": "2017 yilda O'zbekiston bo'yicha Norasmiy iqtisodiyotning YAIMdagi ulushi, foizdaning o'rtacha ko'rsatkichi qancha edi?",
    "answer": "2017 yilda O'zbekiston bo'yicha o'rtacha ko'rsatkich 40,2ni tashkil etgan."
  },
  {
    "dataset_id": "3840",
    "question": "2018 yilda Norasmiy iqtisodiyotning YAIMdagi ulushi, foizda bo'yicha eng yuqori ko'rsatkich qaysi hududda qayd etilgan?",
    "answer": "2018 yilda eng yuqori ko'rsatkich 70,8 bilan Qishloq, o‘rmon vа bаliq xo‘jаligida qayd etilgan."
  },
  {
    "dataset_id": "3840",
    "question": "2018 yilda Norasmiy iqtisodiyotning YAIMdagi ulushi, foizda bo'yicha eng past ko'rsatkich qaysi hududda qayd etilgan?",
    "answer": "2018 yilda eng past ko'rsatkich 10,5 bilan Sanoatda qayd etilgan."
  },
  {
    "dataset_id": "3840",
    "question": "2018 yilda O'zbekiston bo'yicha Norasmiy iqtisodiyotning YAIMdagi ulushi, foizdaning o'rtacha ko'rsatkichi qancha edi?",
    "answer": "2018 yilda O'zbekiston bo'yicha o'rtacha ko'rsatkich 36,7ni tashkil etgan."
  },
  {
    "dataset_id": "3840",
    "question": "2018 yilda Norasmiy iqtisodiyotning YAIMdagi ulushi, foizda bo'yicha eng yuqori o'sish sur'ati qaysi hududda qayd etilgan?",
    "answer": "2018 yilda eng yuqori o'sish sur'ati 3.5% bilan Qishloq, o‘rmon vа bаliq xo‘jаligida qayd etilgan."
  },
  {
    "dataset_id": "3840",
    "question": "2018 yilda Norasmiy iqtisodiyotning YAIMdagi ulushi, foizda bo'yicha eng past o'sish sur'ati qaysi hududda qayd etilgan?",
    "answer": "2018 yilda eng past o'sish sur'ati -38.6% bilan Sanoatda qayd etilgan."
  },
  {
    "dataset_id": "3840",
    "question": "2019 yilda Norasmiy iqtisodiyotning YAIMdagi ulushi, foizda bo'yicha eng yuqori ko'rsatkich qaysi hududda qayd etilgan?",
    "answer": "2019 yilda eng yuqori ko'rsatkich 68,2 bilan Qishloq, o‘rmon vа bаliq xo‘jаligida qayd etilgan."
  },
  {
    "dataset_id": "3840",
    "question": "2019 yilda Norasmiy iqtisodiyotning YAIMdagi ulushi, foizda bo'yicha eng past ko'rsatkich qaysi hududda qayd etilgan?",
    "answer": "2019 yilda eng past ko'rsatkich 9,5 bilan Sanoatda qayd etilgan."
  },
  {
    "dataset_id": "3840",
    "question": "2019 yilda O'zbekiston bo'yicha Norasmiy iqtisodiyotning YAIMdagi ulushi, foizdaning o'rtacha ko'rsatkichi qancha edi?",
    "answer": "2019 yilda O'zbekiston bo'yicha o'rtacha ko'rsatkich 33,7ni tashkil etgan."
  },
  {
    "dataset_id": "3840",
    "question": "2019 yilda Norasmiy iqtisodiyotning YAIMdagi ulushi, foizda bo'yicha eng yuqori o'sish sur'ati qaysi hududda qayd etilgan?",
    "answer": "2019 yilda eng yuqori o'sish sur'ati -3.7% bilan Qishloq, o‘rmon vа bаliq xo‘jаligida qayd etilgan."
  },
  {
    "dataset_id": "3840",
    "question": "2019 yilda Norasmiy iqtisodiyotning YAIMdagi ulushi, foizda bo'yicha eng past o'sish sur'ati qaysi hududda qayd etilgan?",
    "answer": "2019 yilda eng past o'sish sur'ati -13.2% bilan Qurilishda qayd etilgan."
  },
  {
    "dataset_id": "3840",
    "question": "2020 yilda Norasmiy iqtisodiyotning YAIMdagi ulushi, foizda bo'yicha eng yuqori ko'rsatkich qaysi hududda qayd etilgan?",
    "answer": "2020 yilda eng yuqori ko'rsatkich 66,9 bilan Qishloq, o‘rmon vа bаliq xo‘jаligida qayd etilgan."
  },
  {
    "dataset_id": "3840",
    "question": "2020 yilda Norasmiy iqtisodiyotning YAIMdagi ulushi, foizda bo'yicha eng past ko'rsatkich qaysi hududda qayd etilgan?",
    "answer": "2020 yilda eng past ko'rsatkich 8,6 bilan Sanoatda qayd etilgan."
  },
  {
    "dataset_id": "3840",
    "question": "2020 yilda O'zbekiston bo'yicha Norasmiy iqtisodiyotning YAIMdagi ulushi, foizdaning o'rtacha ko'rsatkichi qancha edi?",
    "answer": "2020 yilda O'zbekiston bo'yicha o'rtacha ko'rsatkich 33,2ni tashkil etgan."
  },
  {
    "dataset_id": "3840",
    "question": "2020 yilda Norasmiy iqtisodiyotning YAIMdagi ulushi, foizda bo'yicha eng yuqori o'sish sur'ati qaysi hududda qayd etilgan?",
    "answer": "2020 yilda eng yuqori o'sish sur'ati 2.0% bilan Qurilishda qayd etilgan."
  },
  {
    "dataset_id": "3840",
    "question": "2020 yilda Norasmiy iqtisodiyotning YAIMdagi ulushi, foizda bo'yicha eng past o'sish sur'ati qaysi hududda qayd etilgan?",
    "answer": "2020 yilda eng past o'sish sur'ati -9.5% bilan Sanoatda qayd etilgan."
  },
  {
    "dataset_id": "3840",
    "question": "2021 yilda Norasmiy iqtisodiyotning YAIMdagi ulushi, foizda bo'yicha eng yuqori ko'rsatkich qaysi hududda qayd etilgan?",
    "answer": "2021 yilda eng yuqori ko'rsatkich 65,4 bilan Qishloq, o‘rmon vа bаliq xo‘jаligida qayd etilgan."
  },
  {
    "dataset_id": "3840",
    "question": "2021 yilda Norasmiy iqtisodiyotning YAIMdagi ulushi, foizda bo'yicha eng past ko'rsatkich qaysi hududda qayd etilgan?",
    "answer": "2021 yilda eng past ko'rsatkich 6,1 bilan Sanoatda qayd etilgan."
  },
  {
    "dataset_id": "3840",
    "question": "2021 yilda O'zbekiston bo'yicha Norasmiy iqtisodiyotning YAIMdagi ulushi, foizdaning o'rtacha ko'rsatkichi qancha edi?",
    "answer": "2021 yilda O'zbekiston bo'yicha o'rtacha ko'rsatkich 32,2ni tashkil etgan."
  },
  {
    "dataset_id": "3840",
    "question": "2021 yilda Norasmiy iqtisodiyotning YAIMdagi ulushi, foizda bo'yicha eng yuqori o'sish sur'ati qaysi hududda qayd etilgan?",
    "answer": "2021 yilda eng yuqori o'sish sur'ati 2.6% bilan Qurilishda qayd etilgan."
  },
  {
    "dataset_id": "3840",
    "question": "2021 yilda Norasmiy iqtisodiyotning YAIMdagi ulushi, foizda bo'yicha eng past o'sish sur'ati qaysi hududda qayd etilgan?",
    "answer": "2021 yilda eng past o'sish sur'ati -29.1% bilan Sanoatda qayd etilgan."
  },
  {
    "dataset_id": "3840",
    "question": "2022 yilda Norasmiy iqtisodiyotning YAIMdagi ulushi, foizda bo'yicha eng yuqori ko'rsatkich qaysi hududda qayd etilgan?",
    "answer": "2022 yilda eng yuqori ko'rsatkich 62,2 bilan Qishloq, o‘rmon vа bаliq xo‘jаligida qayd etilgan."
  },
  {
    "dataset_id": "3840",
    "question": "2022 yilda Norasmiy iqtisodiyotning YAIMdagi ulushi, foizda bo'yicha eng past ko'rsatkich qaysi hududda qayd etilgan?",
    "answer": "2022 yilda eng past ko'rsatkich 4,9 bilan Sanoatda qayd etilgan."
  },
  {
    "dataset_id": "3840",
    "question": "2022 yilda O'zbekiston bo'yicha Norasmiy iqtisodiyotning YAIMdagi ulushi, foizdaning o'rtacha ko'rsatkichi qancha edi?",
    "answer": "2022 yilda O'zbekiston bo'yicha o'rtacha ko'rsatkich 30,2ni tashkil etgan."
  },
  {
    "dataset_id": "3840",
    "question": "2022 yilda Norasmiy iqtisodiyotning YAIMdagi ulushi, foizda bo'yicha eng yuqori o'sish sur'ati qaysi hududda qayd etilgan?",
    "answer": "2022 yilda eng yuqori o'sish sur'ati -0.3% bilan Qurilishda qayd etilgan."
  },
  {
    "dataset_id": "3840",
    "question": "2022 yilda Norasmiy iqtisodiyotning YAIMdagi ulushi, foizda bo'yicha eng past o'sish sur'ati qaysi hududda qayd etilgan?",
    "answer": "2022 yilda eng past o'sish sur'ati -19.7% bilan Sanoatda qayd etilgan."
  },
  {
    "dataset_id": "3840",
    "question": "2023 yilda Norasmiy iqtisodiyotning YAIMdagi ulushi, foizda bo'yicha eng yuqori ko'rsatkich qaysi hududda qayd etilgan?",
    "answer": "2023 yilda eng yuqori ko'rsatkich 62,9 bilan Qishloq, o‘rmon vа bаliq xo‘jаligida qayd etilgan."
  },
  {
    "dataset_id": "3840",
    "question": "2023 yilda Norasmiy iqtisodiyotning YAIMdagi ulushi, foizda bo'yicha eng past ko'rsatkich qaysi hududda qayd etilgan?",
    "answer": "2023 yilda eng past ko'rsatkich 5 bilan Sanoatda qayd etilgan."
  },
  {
    "dataset_id": "3840",
    "question": "2023 yilda O'zbekiston bo'yicha Norasmiy iqtisodiyotning YAIMdagi ulushi, foizdaning o'rtacha ko'rsatkichi qancha edi?",
    "answer": "2023 yilda O'zbekiston bo'yicha o'rtacha ko'rsatkich 30ni tashkil etgan."
  },
  {
    "dataset_id": "3840",
    "question": "2023 yilda Norasmiy iqtisodiyotning YAIMdagi ulushi, foizda bo'yicha eng yuqori o'sish sur'ati qaysi hududda qayd etilgan?",
    "answer": "2023 yilda eng yuqori o'sish sur'ati 2.0% bilan Sanoatda qayd etilgan."
  },
  {
    "dataset_id": "3840",
    "question": "2023 yilda Norasmiy iqtisodiyotning YAIMdagi ulushi, foizda bo'yicha eng past o'sish sur'ati qaysi hududda qayd etilgan?",
    "answer": "2023 yilda eng past o'sish sur'ati -7.7% bilan Xizmatlarda qayd etilgan."
  },
  {
    "dataset_id": "3840",
    "question": "2024 yilda Norasmiy iqtisodiyotning YAIMdagi ulushi, foizda bo'yicha eng yuqori ko'rsatkich qaysi hududda qayd etilgan?",
    "answer": "2024 yilda eng yuqori ko'rsatkich 63,6 bilan Qishloq, o‘rmon vа bаliq xo‘jаligida qayd etilgan."
  },
  {
    "dataset_id": "3840",
    "question": "2024 yilda Norasmiy iqtisodiyotning YAIMdagi ulushi, foizda bo'yicha eng past ko'rsatkich qaysi hududda qayd etilgan?",
    "answer": "2024 yilda eng past ko'rsatkich 5,1 bilan Sanoatda qayd etilgan."
  },
  {
    "dataset_id": "3840",
    "question": "2024 yilda O'zbekiston bo'yicha Norasmiy iqtisodiyotning YAIMdagi ulushi, foizdaning o'rtacha ko'rsatkichi qancha edi?",
    "answer": "2024 yilda O'zbekiston bo'yicha o'rtacha ko'rsatkich 30,3ni tashkil etgan."
  },
  {
    "dataset_id": "3840",
    "question": "2024 yilda Norasmiy iqtisodiyotning YAIMdagi ulushi, foizda bo'yicha eng yuqori o'sish sur'ati qaysi hududda qayd etilgan?",
    "answer": "2024 yilda eng yuqori o'sish sur'ati 5.0% bilan Xizmatlarda qayd etilgan."
  },
  {
    "dataset_id": "3840",
    "question": "2024 yilda Norasmiy iqtisodiyotning YAIMdagi ulushi, foizda bo'yicha eng past o'sish sur'ati qaysi hududda qayd etilgan?",
    "answer": "2024 yilda eng past o'sish sur'ati -0.8% bilan JAMIda qayd etilgan."
  },
  {
    "dataset_id": "3840",
    "question": "JAMIda Norasmiy iqtisodiyotning YAIMdagi ulushi, foizda ko'rsatkichlari qanday dinamikaga ega?",
    "answer": "JAMIda ko'rsatkichlarning o'rtacha qiymati 30,5, eng yuqori ko'rsatkich 37,8, eng past ko'rsatkich 26,4ni tashkil etgan. Umumiy tendensiya pasayish tomon yo'nalgan."
  },
  {
    "dataset_id": "3840",
    "question": "JAMIda Norasmiy iqtisodiyotning YAIMdagi ulushi, foizdaning ko'p yillik o'rtacha o'sish sur'ati qanday?",
    "answer": "JAMIda 2017-2024 yillar oralig'ida o'rtacha yillik o'sish sur'ati -4.9%ni tashkil etgan."
  },
  {
    "dataset_id": "3840",
    "question": "Qishloq, o‘rmon vа bаliq xo‘jаligida Norasmiy iqtisodiyotning YAIMdagi ulushi, foizda ko'rsatkichlari qanday dinamikaga ega?",
    "answer": "Qishloq, o‘rmon vа bаliq xo‘jаligida ko'rsatkichlarning o'rtacha qiymati 66, eng yuqori ko'rsatkich 70,8, eng past ko'rsatkich 62,2ni tashkil etgan. Umumiy tendensiya pasayish tomon yo'nalgan."
  },
  {
    "dataset_id": "3840",
    "question": "Qishloq, o‘rmon vа bаliq xo‘jаligida Norasmiy iqtisodiyotning YAIMdagi ulushi, foizdaning ko'p yillik o'rtacha o'sish sur'ati qanday?",
    "answer": "Qishloq, o‘rmon vа bаliq xo‘jаligida 2017-2024 yillar oralig'ida o'rtacha yillik o'sish sur'ati -1.0%ni tashkil etgan."
  },
  {
    "dataset_id": "3840",
    "question": "Sanoatda Norasmiy iqtisodiyotning YAIMdagi ulushi, foizda ko'rsatkichlari qanday dinamikaga ega?",
    "answer": "Sanoatda ko'rsatkichlarning o'rtacha qiymati 8,3, eng yuqori ko'rsatkich 17,1, eng past ko'rsatkich 4,9ni tashkil etgan. Umumiy tendensiya pasayish tomon yo'nalgan."
  },
  {
    "dataset_id": "3840",
    "question": "Sanoatda Norasmiy iqtisodiyotning YAIMdagi ulushi, foizdaning ko'p yillik o'rtacha o'sish sur'ati qanday?",
    "answer": "Sanoatda 2017-2024 yillar oralig'ida o'rtacha yillik o'sish sur'ati -14.6%ni tashkil etgan."
  },
  {
    "dataset_id": "3840",
    "question": "Xizmatlarda Norasmiy iqtisodiyotning YAIMdagi ulushi, foizda ko'rsatkichlari qanday dinamikaga ega?",
    "answer": "Xizmatlarda ko'rsatkichlarning o'rtacha qiymati 29,2, eng yuqori ko'rsatkich 36,6, eng past ko'rsatkich 23,9ni tashkil etgan. Umumiy tendensiya pasayish tomon yo'nalgan."
  },
  {
    "dataset_id": "3840",
    "question": "Xizmatlarda Norasmiy iqtisodiyotning YAIMdagi ulushi, foizdaning ko'p yillik o'rtacha o'sish sur'ati qanday?",
    "answer": "Xizmatlarda 2017-2024 yillar oralig'ida o'rtacha yillik o'sish sur'ati -5.1%ni tashkil etgan."
  },
  {
    "dataset_id": "3840",
    "question": "Qurilishda Norasmiy iqtisodiyotning YAIMdagi ulushi, foizda ko'rsatkichlari qanday dinamikaga ega?",
    "answer": "Qurilishda ko'rsatkichlarning o'rtacha qiymati 32,5, eng yuqori ko'rsatkich 41,1, eng past ko'rsatkich 29,6ni tashkil etgan. Umumiy tendensiya pasayish tomon yo'nalgan."
  },
  {
    "dataset_id": "3840",
    "question": "Qurilishda Norasmiy iqtisodiyotning YAIMdagi ulushi, foizdaning ko'p yillik o'rtacha o'sish sur'ati qanday?",
    "answer": "Qurilishda 2017-2024 yillar oralig'ida o'rtacha yillik o'sish sur'ati -3.5%ni tashkil etgan."
  },
  {
    "dataset_id": "3840",
    "question": "2017-2024 yillar oralig'ida JAMIda Norasmiy iqtisodiyotning YAIMdagi ulushi, foizda qanday o'zgargan?",
    "answer": "2017-2024 yillar oralig'ida JAMIda ko'rsatkich 30.2% ga kamaygan."
  },
  {
    "dataset_id": "3840",
    "question": "2017-2024 yillar oralig'ida Qishloq, o‘rmon vа bаliq xo‘jаligida Norasmiy iqtisodiyotning YAIMdagi ulushi, foizda qanday o'zgargan?",
    "answer": "2017-2024 yillar oralig'ida Qishloq, o‘rmon vа bаliq xo‘jаligida ko'rsatkich 7% ga kamaygan."
  },
  {
    "dataset_id": "3840",
    "question": "2017-2024 yillar oralig'ida Sanoatda Norasmiy iqtisodiyotning YAIMdagi ulushi, foizda qanday o'zgargan?",
    "answer": "2017-2024 yillar oralig'ida Sanoatda ko'rsatkich 70.2% ga kamaygan."
  },
  {
    "dataset_id": "3840",
    "question": "2017-2024 yillar oralig'ida Xizmatlarda Norasmiy iqtisodiyotning YAIMdagi ulushi, foizda qanday o'zgargan?",
    "answer": "2017-2024 yillar oralig'ida Xizmatlarda ko'rsatkich 31.4% ga kamaygan."
  },
  {
    "dataset_id": "3840",
    "question": "2017-2024 yillar oralig'ida Qurilishda Norasmiy iqtisodiyotning YAIMdagi ulushi, foizda qanday o'zgargan?",
    "answer": "2017-2024 yillar oralig'ida Qurilishda ko'rsatkich 23.8% ga kamaygan."
  },
  {
    "dataset_id": "3840",
    "question": "2024 yil holatiga ko'ra Norasmiy iqtisodiyotning YAIMdagi ulushi, foizda bo'yicha yetakchi hududlar qaysilar?",
    "answer": "2024 yilda eng yuqori ko'rsatkichlar:\n1. Qishloq, o‘rmon vа bаliq xo‘jаligi - 63,6\n2. Qurilish - 31,3\n3. JAMI - 26,4"
  },
  {
    "dataset_id": "3840",
    "question": "2024 yil holatiga ko'ra Norasmiy iqtisodiyotning YAIMdagi ulushi, foizda bo'yicha eng past ko'rsatkichli hududlar qaysilar?",
    "answer": "2024 yilda eng past ko'rsatkichlar:\n1. Sanoat - 5,1\n2. Xizmatlar - 25,1\n3. JAMI - 26,4"
  },
  {
    "dataset_id": "3843",
    "question": "Bu dataset nima haqida?",
    "answer": "Hududlar boʻyicha norasmiy iqtisodiyot hajmi"
  },
  {
    "dataset_id": "3843",
    "question": "Dataset oxirgi marta qachon yangilangan?",
    "answer": "Dataset oxirgi marta 2024-08-21 sanasida yangilangan."
  },
  {
    "dataset_id": "3843",
    "question": "Bu ma'lumotlar uchun kim mas'ul?",
    "answer": "Kamilova Ziyoda Abdurahimovna"
  },
  {
    "dataset_id": "3843",
    "question": "2017 yilda Hududlar boʻyicha norasmiy iqtisodiyot hajmi bo'yicha eng yuqori ko'rsatkich qaysi hududda qayd etilgan?",
    "answer": "2017 yilda eng yuqori ko'rsatkich 134 788,6 bilan O‘zbekiston Respublikasida qayd etilgan."
  },
  {
    "dataset_id": "3843",
    "question": "2017 yilda Hududlar boʻyicha norasmiy iqtisodiyot hajmi bo'yicha eng past ko'rsatkich qaysi hududda qayd etilgan?",
    "answer": "2017 yilda eng past ko'rsatkich 3 451,2 bilan Sirdaryo viloyatida qayd etilgan."
  },
  {
    "dataset_id": "3843",
    "question": "2017 yilda O'zbekiston bo'yicha Hududlar boʻyicha norasmiy iqtisodiyot hajmining o'rtacha ko'rsatkichi qancha edi?",
    "answer": "2017 yilda O'zbekiston bo'yicha o'rtacha ko'rsatkich 17 971,7ni tashkil etgan."
  },
  {
    "dataset_id": "3843",
    "question": "2018 yilda Hududlar boʻyicha norasmiy iqtisodiyot hajmi bo'yicha eng yuqori ko'rsatkich qaysi hududda qayd etilgan?",
    "answer": "2018 yilda eng yuqori ko'rsatkich 162 631,7 bilan O‘zbekiston Respublikasida qayd etilgan."
  },
  {
    "dataset_id": "3843",
    "question": "2018 yilda Hududlar boʻyicha norasmiy iqtisodiyot hajmi bo'yicha eng past ko'rsatkich qaysi hududda qayd etilgan?",
    "answer": "2018 yilda eng past ko'rsatkich 4 073,3 bilan Sirdaryo viloyatida qayd etilgan."
  },
  {
    "dataset_id": "3843",
    "question": "2018 yilda O'zbekiston bo'yicha Hududlar boʻyicha norasmiy iqtisodiyot hajmining o'rtacha ko'rsatkichi qancha edi?",
    "answer": "2018 yilda O'zbekiston bo'yicha o'rtacha ko'rsatkich 21 684,1ni tashkil etgan."
  },
  {
    "dataset_id": "3843",
    "question": "2018 yilda Hududlar boʻyicha norasmiy iqtisodiyot hajmi bo'yicha eng yuqori o'sish sur'ati qaysi hududda qayd etilgan?",
    "answer": "2018 yilda eng yuqori o'sish sur'ati 32.0% bilan Jizzax viloyatida qayd etilgan."
  },
  {
    "dataset_id": "3843",
    "question": "2018 yilda Hududlar boʻyicha norasmiy iqtisodiyot hajmi bo'yicha eng past o'sish sur'ati qaysi hududda qayd etilgan?",
    "answer": "2018 yilda eng past o'sish sur'ati 13.8% bilan Toshkent shahrida qayd etilgan."
  },
  {
    "dataset_id": "3843",
    "question": "2019 yilda Hududlar boʻyicha norasmiy iqtisodiyot hajmi bo'yicha eng yuqori ko'rsatkich qaysi hududda qayd etilgan?",
    "answer": "2019 yilda eng yuqori ko'rsatkich 185 205 bilan O‘zbekiston Respublikasida qayd etilgan."
  },
  {
    "dataset_id": "3843",
    "question": "2019 yilda Hududlar boʻyicha norasmiy iqtisodiyot hajmi bo'yicha eng past ko'rsatkich qaysi hududda qayd etilgan?",
    "answer": "2019 yilda eng past ko'rsatkich 4 773,7 bilan Sirdaryo viloyatida qayd etilgan."
  },
  {
    "dataset_id": "3843",
    "question": "2019 yilda O'zbekiston bo'yicha Hududlar boʻyicha norasmiy iqtisodiyot hajmining o'rtacha ko'rsatkichi qancha edi?",
    "answer": "2019 yilda O'zbekiston bo'yicha o'rtacha ko'rsatkich 24 693,8ni tashkil etgan."
  },
  {
    "dataset_id": "3843",
    "question": "2019 yilda Hududlar boʻyicha norasmiy iqtisodiyot hajmi bo'yicha eng yuqori o'sish sur'ati qaysi hududda qayd etilgan?",
    "answer": "2019 yilda eng yuqori o'sish sur'ati 22.3% bilan Toshkent shahrida qayd etilgan."
  },
  {
    "dataset_id": "3843",
    "question": "2019 yilda Hududlar boʻyicha norasmiy iqtisodiyot hajmi bo'yicha eng past o'sish sur'ati qaysi hududda qayd etilgan?",
    "answer": "2019 yilda eng past o'sish sur'ati 7.9% bilan Farg‘ona  viloyatida qayd etilgan."
  },
  {
    "dataset_id": "3843",
    "question": "2020 yilda Hududlar boʻyicha norasmiy iqtisodiyot hajmi bo'yicha eng yuqori ko'rsatkich qaysi hududda qayd etilgan?",
    "answer": "2020 yilda eng yuqori ko'rsatkich 206 868,1 bilan O‘zbekiston Respublikasida qayd etilgan."
  },
  {
    "dataset_id": "3843",
    "question": "2020 yilda Hududlar boʻyicha norasmiy iqtisodiyot hajmi bo'yicha eng past ko'rsatkich qaysi hududda qayd etilgan?",
    "answer": "2020 yilda eng past ko'rsatkich 5 193,8 bilan Sirdaryo viloyatida qayd etilgan."
  },
  {
    "dataset_id": "3843",
    "question": "2020 yilda O'zbekiston bo'yicha Hududlar boʻyicha norasmiy iqtisodiyot hajmining o'rtacha ko'rsatkichi qancha edi?",
    "answer": "2020 yilda O'zbekiston bo'yicha o'rtacha ko'rsatkich 27 582,3ni tashkil etgan."
  },
  {
    "dataset_id": "3843",
    "question": "2020 yilda Hududlar boʻyicha norasmiy iqtisodiyot hajmi bo'yicha eng yuqori o'sish sur'ati qaysi hududda qayd etilgan?",
    "answer": "2020 yilda eng yuqori o'sish sur'ati 18.4% bilan Toshkent viloyatida qayd etilgan."
  },
  {
    "dataset_id": "3843",
    "question": "2020 yilda Hududlar boʻyicha norasmiy iqtisodiyot hajmi bo'yicha eng past o'sish sur'ati qaysi hududda qayd etilgan?",
    "answer": "2020 yilda eng past o'sish sur'ati 6.9% bilan Toshkent shahrida qayd etilgan."
  },
  {
    "dataset_id": "3843",
    "question": "2021 yilda Hududlar boʻyicha norasmiy iqtisodiyot hajmi bo'yicha eng yuqori ko'rsatkich qaysi hududda qayd etilgan?",
    "answer": "2021 yilda eng yuqori ko'rsatkich 243 544,9 bilan O‘zbekiston Respublikasida qayd etilgan."
  },
  {
    "dataset_id": "3843",
    "question": "2021 yilda Hududlar boʻyicha norasmiy iqtisodiyot hajmi bo'yicha eng past ko'rsatkich qaysi hududda qayd etilgan?",
    "answer": "2021 yilda eng past ko'rsatkich 5 704,6 bilan Sirdaryo viloyatida qayd etilgan."
  },
  {
    "dataset_id": "3843",
    "question": "2021 yilda O'zbekiston bo'yicha Hududlar boʻyicha norasmiy iqtisodiyot hajmining o'rtacha ko'rsatkichi qancha edi?",
    "answer": "2021 yilda O'zbekiston bo'yicha o'rtacha ko'rsatkich 32 471,3ni tashkil etgan."
  },
  {
    "dataset_id": "3843",
    "question": "2021 yilda Hududlar boʻyicha norasmiy iqtisodiyot hajmi bo'yicha eng yuqori o'sish sur'ati qaysi hududda qayd etilgan?",
    "answer": "2021 yilda eng yuqori o'sish sur'ati 26.8% bilan Farg‘ona  viloyatida qayd etilgan."
  },
  {
    "dataset_id": "3843",
    "question": "2021 yilda Hududlar boʻyicha norasmiy iqtisodiyot hajmi bo'yicha eng past o'sish sur'ati qaysi hududda qayd etilgan?",
    "answer": "2021 yilda eng past o'sish sur'ati 9.8% bilan Sirdaryo viloyatida qayd etilgan."
  },
  {
    "dataset_id": "3843",
    "question": "2022 yilda Hududlar boʻyicha norasmiy iqtisodiyot hajmi bo'yicha eng yuqori ko'rsatkich qaysi hududda qayd etilgan?",
    "answer": "2022 yilda eng yuqori ko'rsatkich 271 275,8 bilan O‘zbekiston Respublikasida qayd etilgan."
  },
  {
    "dataset_id": "3843",
    "question": "2022 yilda Hududlar boʻyicha norasmiy iqtisodiyot hajmi bo'yicha eng past ko'rsatkich qaysi hududda qayd etilgan?",
    "answer": "2022 yilda eng past ko'rsatkich 6 102 bilan Sirdaryo viloyatida qayd etilgan."
  },
  {
    "dataset_id": "3843",
    "question": "2022 yilda O'zbekiston bo'yicha Hududlar boʻyicha norasmiy iqtisodiyot hajmining o'rtacha ko'rsatkichi qancha edi?",
    "answer": "2022 yilda O'zbekiston bo'yicha o'rtacha ko'rsatkich 36 168,4ni tashkil etgan."
  },
  {
    "dataset_id": "3843",
    "question": "2022 yilda Hududlar boʻyicha norasmiy iqtisodiyot hajmi bo'yicha eng yuqori o'sish sur'ati qaysi hududda qayd etilgan?",
    "answer": "2022 yilda eng yuqori o'sish sur'ati 16.0% bilan Andijon viloyatida qayd etilgan."
  },
  {
    "dataset_id": "3843",
    "question": "2022 yilda Hududlar boʻyicha norasmiy iqtisodiyot hajmi bo'yicha eng past o'sish sur'ati qaysi hududda qayd etilgan?",
    "answer": "2022 yilda eng past o'sish sur'ati 6.6% bilan Navoiy viloyatida qayd etilgan."
  },
  {
    "dataset_id": "3843",
    "question": "2023 yilda Hududlar boʻyicha norasmiy iqtisodiyot hajmi bo'yicha eng yuqori ko'rsatkich qaysi hududda qayd etilgan?",
    "answer": "2023 yilda eng yuqori ko'rsatkich 320 201,7 bilan O‘zbekiston Respublikasida qayd etilgan."
  },
  {
    "dataset_id": "3843",
    "question": "2023 yilda Hududlar boʻyicha norasmiy iqtisodiyot hajmi bo'yicha eng past ko'rsatkich qaysi hududda qayd etilgan?",
    "answer": "2023 yilda eng past ko'rsatkich 7 394,1 bilan Sirdaryo viloyatida qayd etilgan."
  },
  {
    "dataset_id": "3843",
    "question": "2023 yilda O'zbekiston bo'yicha Hududlar boʻyicha norasmiy iqtisodiyot hajmining o'rtacha ko'rsatkichi qancha edi?",
    "answer": "2023 yilda O'zbekiston bo'yicha o'rtacha ko'rsatkich 42 691,7ni tashkil etgan."
  },
  {
    "dataset_id": "3843",
    "question": "2023 yilda Hududlar boʻyicha norasmiy iqtisodiyot hajmi bo'yicha eng yuqori o'sish sur'ati qaysi hududda qayd etilgan?",
    "answer": "2023 yilda eng yuqori o'sish sur'ati 21.7% bilan Navoiy viloyatida qayd etilgan."
  },
  {
    "dataset_id": "3843",
    "question": "2023 yilda Hududlar boʻyicha norasmiy iqtisodiyot hajmi bo'yicha eng past o'sish sur'ati qaysi hududda qayd etilgan?",
    "answer": "2023 yilda eng past o'sish sur'ati 13.5% bilan Namangan viloyatida qayd etilgan."
  },
  {
    "dataset_id": "3843",
    "question": "2024 yilda Hududlar boʻyicha norasmiy iqtisodiyot hajmi bo'yicha eng yuqori ko'rsatkich qaysi hududda qayd etilgan?",
    "answer": "2024 yilda eng yuqori ko'rsatkich 383 643,7 bilan O‘zbekiston Respublikasida qayd etilgan."
  },
  {
    "dataset_id": "3843",
    "question": "2024 yilda Hududlar boʻyicha norasmiy iqtisodiyot hajmi bo'yicha eng past ko'rsatkich qaysi hududda qayd etilgan?",
    "answer": "2024 yilda eng past ko'rsatkich 8 642,1 bilan Sirdaryo viloyatida qayd etilgan."
  },
  {
    "dataset_id": "3843",
    "question": "2024 yilda O'zbekiston bo'yicha Hududlar boʻyicha norasmiy iqtisodiyot hajmining o'rtacha ko'rsatkichi qancha edi?",
    "answer": "2024 yilda O'zbekiston bo'yicha o'rtacha ko'rsatkich 51 150,3ni tashkil etgan."
  },
  {
    "dataset_id": "3843",
    "question": "2024 yilda Hududlar boʻyicha norasmiy iqtisodiyot hajmi bo'yicha eng yuqori o'sish sur'ati qaysi hududda qayd etilgan?",
    "answer": "2024 yilda eng yuqori o'sish sur'ati 47.6% bilan Toshkent shahrida qayd etilgan."
  },
  {
    "dataset_id": "3843",
    "question": "2024 yilda Hududlar boʻyicha norasmiy iqtisodiyot hajmi bo'yicha eng past o'sish sur'ati qaysi hududda qayd etilgan?",
    "answer": "2024 yilda eng past o'sish sur'ati 13.5% bilan Andijon viloyatida qayd etilgan."
  },
  {
    "dataset_id": "3843",
    "question": "O‘zbekiston Respublikasida Hududlar boʻyicha norasmiy iqtisodiyot hajmi ko'rsatkichlari qanday dinamikaga ega?",
    "answer": "O‘zbekiston Respublikasida ko'rsatkichlarning o'rtacha qiymati 238 519,9, eng yuqori ko'rsatkich 383 643,7, eng past ko'rsatkich 134 788,6ni tashkil etgan. Umumiy tendensiya o'sish tomon yo'nalgan."
  },
  {
    "dataset_id": "3843",
    "question": "O‘zbekiston Respublikasida Hududlar boʻyicha norasmiy iqtisodiyot hajmining ko'p yillik o'rtacha o'sish sur'ati qanday?",
    "answer": "O‘zbekiston Respublikasida 2017-2024 yillar oralig'ida o'rtacha yillik o'sish sur'ati 16.2%ni tashkil etgan."
  },
  {
    "dataset_id": "3843",
    "question": "Qoraqalpog‘iston Respublikasida Hududlar boʻyicha norasmiy iqtisodiyot hajmi ko'rsatkichlari qanday dinamikaga ega?",
    "answer": "Qoraqalpog‘iston Respublikasida ko'rsatkichlarning o'rtacha qiymati 8 929,7, eng yuqori ko'rsatkich 14 393,6, eng past ko'rsatkich 4 747,3ni tashkil etgan. Umumiy tendensiya o'sish tomon yo'nalgan."
  },
  {
    "dataset_id": "3843",
    "question": "Qoraqalpog‘iston Respublikasida Hududlar boʻyicha norasmiy iqtisodiyot hajmining ko'p yillik o'rtacha o'sish sur'ati qanday?",
    "answer": "Qoraqalpog‘iston Respublikasida 2017-2024 yillar oralig'ida o'rtacha yillik o'sish sur'ati 17.3%ni tashkil etgan."
  },
  {
    "dataset_id": "3843",
    "question": "Andijon viloyatida Hududlar boʻyicha norasmiy iqtisodiyot hajmi ko'rsatkichlari qanday dinamikaga ega?",
    "answer": "Andijon viloyatida ko'rsatkichlarning o'rtacha qiymati 20 983,7, eng yuqori ko'rsatkich 32 489,9, eng past ko'rsatkich 12 359,8ni tashkil etgan. Umumiy tendensiya o'sish tomon yo'nalgan."
  },
  {
    "dataset_id": "3843",
    "question": "Andijon viloyatida Hududlar boʻyicha norasmiy iqtisodiyot hajmining ko'p yillik o'rtacha o'sish sur'ati qanday?",
    "answer": "Andijon viloyatida 2017-2024 yillar oralig'ida o'rtacha yillik o'sish sur'ati 14.8%ni tashkil etgan."
  },
  {
    "dataset_id": "3843",
    "question": "Buxoro viloyatida Hududlar boʻyicha norasmiy iqtisodiyot hajmi ko'rsatkichlari qanday dinamikaga ega?",
    "answer": "Buxoro viloyatida ko'rsatkichlarning o'rtacha qiymati 18 624,3, eng yuqori ko'rsatkich 29 413,4, eng past ko'rsatkich 10 229,4ni tashkil etgan. Umumiy tendensiya o'sish tomon yo'nalgan."
  },
  {
    "dataset_id": "3843",
    "question": "Buxoro viloyatida Hududlar boʻyicha norasmiy iqtisodiyot hajmining ko'p yillik o'rtacha o'sish sur'ati qanday?",
    "answer": "Buxoro viloyatida 2017-2024 yillar oralig'ida o'rtacha yillik o'sish sur'ati 16.4%ni tashkil etgan."
  },
  {
    "dataset_id": "3843",
    "question": "Jizzax viloyatida Hududlar boʻyicha norasmiy iqtisodiyot hajmi ko'rsatkichlari qanday dinamikaga ega?",
    "answer": "Jizzax viloyatida ko'rsatkichlarning o'rtacha qiymati 11 449,9, eng yuqori ko'rsatkich 17 504,5, eng past ko'rsatkich 6 147ni tashkil etgan. Umumiy tendensiya o'sish tomon yo'nalgan."
  },
  {
    "dataset_id": "3843",
    "question": "Jizzax viloyatida Hududlar boʻyicha norasmiy iqtisodiyot hajmining ko'p yillik o'rtacha o'sish sur'ati qanday?",
    "answer": "Jizzax viloyatida 2017-2024 yillar oralig'ida o'rtacha yillik o'sish sur'ati 16.3%ni tashkil etgan."
  },
  {
    "dataset_id": "3843",
    "question": "Qashqadaryo viloyatida Hududlar boʻyicha norasmiy iqtisodiyot hajmi ko'rsatkichlari qanday dinamikaga ega?",
    "answer": "Qashqadaryo viloyatida ko'rsatkichlarning o'rtacha qiymati 21 260,5, eng yuqori ko'rsatkich 33 364,9, eng past ko'rsatkich 12 129,1ni tashkil etgan. Umumiy tendensiya o'sish tomon yo'nalgan."
  },
  {
    "dataset_id": "3843",
    "question": "Qashqadaryo viloyatida Hududlar boʻyicha norasmiy iqtisodiyot hajmining ko'p yillik o'rtacha o'sish sur'ati qanday?",
    "answer": "Qashqadaryo viloyatida 2017-2024 yillar oralig'ida o'rtacha yillik o'sish sur'ati 15.6%ni tashkil etgan."
  },
  {
    "dataset_id": "3843",
    "question": "Navoiy viloyatida Hududlar boʻyicha norasmiy iqtisodiyot hajmi ko'rsatkichlari qanday dinamikaga ega?",
    "answer": "Navoiy viloyatida ko'rsatkichlarning o'rtacha qiymati 11 463,8, eng yuqori ko'rsatkich 18 667,2, eng past ko'rsatkich 5 948,9ni tashkil etgan. Umumiy tendensiya o'sish tomon yo'nalgan."
  },
  {
    "dataset_id": "3843",
    "question": "Navoiy viloyatida Hududlar boʻyicha norasmiy iqtisodiyot hajmining ko'p yillik o'rtacha o'sish sur'ati qanday?",
    "answer": "Navoiy viloyatida 2017-2024 yillar oralig'ida o'rtacha yillik o'sish sur'ati 17.9%ni tashkil etgan."
  },
  {
    "dataset_id": "3843",
    "question": "Namangan viloyatida Hududlar boʻyicha norasmiy iqtisodiyot hajmi ko'rsatkichlari qanday dinamikaga ega?",
    "answer": "Namangan viloyatida ko'rsatkichlarning o'rtacha qiymati 16 638, eng yuqori ko'rsatkich 25 884,2, eng past ko'rsatkich 9 513,2ni tashkil etgan. Umumiy tendensiya o'sish tomon yo'nalgan."
  },
  {
    "dataset_id": "3843",
    "question": "Namangan viloyatida Hududlar boʻyicha norasmiy iqtisodiyot hajmining ko'p yillik o'rtacha o'sish sur'ati qanday?",
    "answer": "Namangan viloyatida 2017-2024 yillar oralig'ida o'rtacha yillik o'sish sur'ati 15.4%ni tashkil etgan."
  },
  {
    "dataset_id": "3843",
    "question": "Samarqand viloyatida Hududlar boʻyicha norasmiy iqtisodiyot hajmi ko'rsatkichlari qanday dinamikaga ega?",
    "answer": "Samarqand viloyatida ko'rsatkichlarning o'rtacha qiymati 24 556,7, eng yuqori ko'rsatkich 38 678,5, eng past ko'rsatkich 15 100,8ni tashkil etgan. Umumiy tendensiya o'sish tomon yo'nalgan."
  },
  {
    "dataset_id": "3843",
    "question": "Samarqand viloyatida Hududlar boʻyicha norasmiy iqtisodiyot hajmining ko'p yillik o'rtacha o'sish sur'ati qanday?",
    "answer": "Samarqand viloyatida 2017-2024 yillar oralig'ida o'rtacha yillik o'sish sur'ati 14.5%ni tashkil etgan."
  },
  {
    "dataset_id": "3843",
    "question": "Surxondaryo viloyatida Hududlar boʻyicha norasmiy iqtisodiyot hajmi ko'rsatkichlari qanday dinamikaga ega?",
    "answer": "Surxondaryo viloyatida ko'rsatkichlarning o'rtacha qiymati 16 355,1, eng yuqori ko'rsatkich 25 401,3, eng past ko'rsatkich 9 308,1ni tashkil etgan. Umumiy tendensiya o'sish tomon yo'nalgan."
  },
  {
    "dataset_id": "3843",
    "question": "Surxondaryo viloyatida Hududlar boʻyicha norasmiy iqtisodiyot hajmining ko'p yillik o'rtacha o'sish sur'ati qanday?",
    "answer": "Surxondaryo viloyatida 2017-2024 yillar oralig'ida o'rtacha yillik o'sish sur'ati 15.5%ni tashkil etgan."
  },
  {
    "dataset_id": "3843",
    "question": "Sirdaryo viloyatida Hududlar boʻyicha norasmiy iqtisodiyot hajmi ko'rsatkichlari qanday dinamikaga ega?",
    "answer": "Sirdaryo viloyatida ko'rsatkichlarning o'rtacha qiymati 5 666,8, eng yuqori ko'rsatkich 8 642,1, eng past ko'rsatkich 3 451,2ni tashkil etgan. Umumiy tendensiya o'sish tomon yo'nalgan."
  },
  {
    "dataset_id": "3843",
    "question": "Sirdaryo viloyatida Hududlar boʻyicha norasmiy iqtisodiyot hajmining ko'p yillik o'rtacha o'sish sur'ati qanday?",
    "answer": "Sirdaryo viloyatida 2017-2024 yillar oralig'ida o'rtacha yillik o'sish sur'ati 14.1%ni tashkil etgan."
  },
  {
    "dataset_id": "3843",
    "question": "Toshkent viloyatida Hududlar boʻyicha norasmiy iqtisodiyot hajmi ko'rsatkichlari qanday dinamikaga ega?",
    "answer": "Toshkent viloyatida ko'rsatkichlarning o'rtacha qiymati 24 860,5, eng yuqori ko'rsatkich 42 036,9, eng past ko'rsatkich 13 515,9ni tashkil etgan. Umumiy tendensiya o'sish tomon yo'nalgan."
  },
  {
    "dataset_id": "3843",
    "question": "Toshkent viloyatida Hududlar boʻyicha norasmiy iqtisodiyot hajmining ko'p yillik o'rtacha o'sish sur'ati qanday?",
    "answer": "Toshkent viloyatida 2017-2024 yillar oralig'ida o'rtacha yillik o'sish sur'ati 17.6%ni tashkil etgan."
  },
  {
    "dataset_id": "3843",
    "question": "Farg‘ona  viloyatida Hududlar boʻyicha norasmiy iqtisodiyot hajmi ko'rsatkichlari qanday dinamikaga ega?",
    "answer": "Farg‘ona  viloyatida ko'rsatkichlarning o'rtacha qiymati 20 352,1, eng yuqori ko'rsatkich 32 049,6, eng past ko'rsatkich 11 435,6ni tashkil etgan. Umumiy tendensiya o'sish tomon yo'nalgan."
  },
  {
    "dataset_id": "3843",
    "question": "Farg‘ona  viloyatida Hududlar boʻyicha norasmiy iqtisodiyot hajmining ko'p yillik o'rtacha o'sish sur'ati qanday?",
    "answer": "Farg‘ona  viloyatida 2017-2024 yillar oralig'ida o'rtacha yillik o'sish sur'ati 16.1%ni tashkil etgan."
  },
  {
    "dataset_id": "3843",
    "question": "Xorazm viloyatida Hududlar boʻyicha norasmiy iqtisodiyot hajmi ko'rsatkichlari qanday dinamikaga ega?",
    "answer": "Xorazm viloyatida ko'rsatkichlarning o'rtacha qiymati 13 779,6, eng yuqori ko'rsatkich 21 807,4, eng past ko'rsatkich 7 325,9ni tashkil etgan. Umumiy tendensiya o'sish tomon yo'nalgan."
  },
  {
    "dataset_id": "3843",
    "question": "Xorazm viloyatida Hududlar boʻyicha norasmiy iqtisodiyot hajmining ko'p yillik o'rtacha o'sish sur'ati qanday?",
    "answer": "Xorazm viloyatida 2017-2024 yillar oralig'ida o'rtacha yillik o'sish sur'ati 17.0%ni tashkil etgan."
  },
  {
    "dataset_id": "3843",
    "question": "Toshkent shahrida Hududlar boʻyicha norasmiy iqtisodiyot hajmi ko'rsatkichlari qanday dinamikaga ega?",
    "answer": "Toshkent shahrida ko'rsatkichlarning o'rtacha qiymati 23 584,7, eng yuqori ko'rsatkich 43 276,8, eng past ko'rsatkich 13 574,6ni tashkil etgan. Umumiy tendensiya o'sish tomon yo'nalgan."
  },
  {
    "dataset_id": "3843",
    "question": "Toshkent shahrida Hududlar boʻyicha norasmiy iqtisodiyot hajmining ko'p yillik o'rtacha o'sish sur'ati qanday?",
    "answer": "Toshkent shahrida 2017-2024 yillar oralig'ida o'rtacha yillik o'sish sur'ati 18.6%ni tashkil etgan."
  },
  {
    "dataset_id": "3843",
    "question": "2017-2024 yillar oralig'ida O‘zbekiston Respublikasida Hududlar boʻyicha norasmiy iqtisodiyot hajmi qanday o'zgargan?",
    "answer": "2017-2024 yillar oralig'ida O‘zbekiston Respublikasida ko'rsatkich 184.6% ga oshgan."
  },
  {
    "dataset_id": "3843",
    "question": "2017-2024 yillar oralig'ida Qoraqalpog‘iston Respublikasida Hududlar boʻyicha norasmiy iqtisodiyot hajmi qanday o'zgargan?",
    "answer": "2017-2024 yillar oralig'ida Qoraqalpog‘iston Respublikasida ko'rsatkich 203.2% ga oshgan."
  },
  {
    "dataset_id": "3843",
    "question": "2017-2024 yillar oralig'ida Andijon viloyatida Hududlar boʻyicha norasmiy iqtisodiyot hajmi qanday o'zgargan?",
    "answer": "2017-2024 yillar oralig'ida Andijon viloyatida ko'rsatkich 162.9% ga oshgan."
  },
  {
    "dataset_id": "3843",
    "question": "2017-2024 yillar oralig'ida Buxoro viloyatida Hududlar boʻyicha norasmiy iqtisodiyot hajmi qanday o'zgargan?",
    "answer": "2017-2024 yillar oralig'ida Buxoro viloyatida ko'rsatkich 187.5% ga oshgan."
  },
  {
    "dataset_id": "3843",
    "question": "2017-2024 yillar oralig'ida Jizzax viloyatida Hududlar boʻyicha norasmiy iqtisodiyot hajmi qanday o'zgargan?",
    "answer": "2017-2024 yillar oralig'ida Jizzax viloyatida ko'rsatkich 184.8% ga oshgan."
  },
  {
    "dataset_id": "3843",
    "question": "2017-2024 yillar oralig'ida Qashqadaryo viloyatida Hududlar boʻyicha norasmiy iqtisodiyot hajmi qanday o'zgargan?",
    "answer": "2017-2024 yillar oralig'ida Qashqadaryo viloyatida ko'rsatkich 175.1% ga oshgan."
  },
  {
    "dataset_id": "3843",
    "question": "2017-2024 yillar oralig'ida Navoiy viloyatida Hududlar boʻyicha norasmiy iqtisodiyot hajmi qanday o'zgargan?",
    "answer": "2017-2024 yillar oralig'ida Navoiy viloyatida ko'rsatkich 213.8% ga oshgan."
  },
  {
    "dataset_id": "3843",
    "question": "2017-2024 yillar oralig'ida Namangan viloyatida Hududlar boʻyicha norasmiy iqtisodiyot hajmi qanday o'zgargan?",
    "answer": "2017-2024 yillar oralig'ida Namangan viloyatida ko'rsatkich 172.1% ga oshgan."
  },
  {
    "dataset_id": "3843",
    "question": "2017-2024 yillar oralig'ida Samarqand viloyatida Hududlar boʻyicha norasmiy iqtisodiyot hajmi qanday o'zgargan?",
    "answer": "2017-2024 yillar oralig'ida Samarqand viloyatida ko'rsatkich 156.1% ga oshgan."
  },
  {
    "dataset_id": "3843",
    "question": "2017-2024 yillar oralig'ida Surxondaryo viloyatida Hududlar boʻyicha norasmiy iqtisodiyot hajmi qanday o'zgargan?",
    "answer": "2017-2024 yillar oralig'ida Surxondaryo viloyatida ko'rsatkich 172.9% ga oshgan."
  },
  {
    "dataset_id": "3843",
    "question": "2017-2024 yillar oralig'ida Sirdaryo viloyatida Hududlar boʻyicha norasmiy iqtisodiyot hajmi qanday o'zgargan?",
    "answer": "2017-2024 yillar oralig'ida Sirdaryo viloyatida ko'rsatkich 150.4% ga oshgan."
  },
  {
    "dataset_id": "3843",
    "question": "2017-2024 yillar oralig'ida Toshkent viloyatida Hududlar boʻyicha norasmiy iqtisodiyot hajmi qanday o'zgargan?",
    "answer": "2017-2024 yillar oralig'ida Toshkent viloyatida ko'rsatkich 211% ga oshgan."
  },
  {
    "dataset_id": "3843",
    "question": "2017-2024 yillar oralig'ida Farg‘ona  viloyatida Hududlar boʻyicha norasmiy iqtisodiyot hajmi qanday o'zgargan?",
    "answer": "2017-2024 yillar oralig'ida Farg‘ona  viloyatida ko'rsatkich 180.3% ga oshgan."
  },
  {
    "dataset_id": "3843",
    "question": "2017-2024 yillar oralig'ida Xorazm viloyatida Hududlar boʻyicha norasmiy iqtisodiyot hajmi qanday o'zgargan?",
    "answer": "2017-2024 yillar oralig'ida Xorazm viloyatida ko'rsatkich 197.7% ga oshgan."
  },
  {
    "dataset_id": "3843",
    "question": "2017-2024 yillar oralig'ida Toshkent shahrida Hududlar boʻyicha norasmiy iqtisodiyot hajmi qanday o'zgargan?",
    "answer": "2017-2024 yillar oralig'ida Toshkent shahrida ko'rsatkich 218.8% ga oshgan."
  },
  {
    "dataset_id": "3843",
    "question": "2024 yil holatiga ko'ra Hududlar boʻyicha norasmiy iqtisodiyot hajmi bo'yicha yetakchi hududlar qaysilar?",
    "answer": "2024 yilda eng yuqori ko'rsatkichlar:\n1. O‘zbekiston Respublikasi - 383 643,7\n2. Toshkent shahri - 43 276,8\n3. Toshkent viloyati - 42 036,9"
  },
  {
    "dataset_id": "3843",
    "question": "2024 yil holatiga ko'ra Hududlar boʻyicha norasmiy iqtisodiyot hajmi bo'yicha eng past ko'rsatkichli hududlar qaysilar?",
    "answer": "2024 yilda eng past ko'rsatkichlar:\n1. Sirdaryo viloyati - 8 642,1\n2. Qoraqalpog‘iston Respublikasi - 14 393,6\n3. Jizzax viloyati - 17 504,5"
  },
  {
    "dataset_id": "3846",
    "question": "Bu dataset nima haqida?",
    "answer": "Hududlar boʻyicha norasmiy iqtisodiyotni YAIM (YAHM)dagi ulushi, foizda"
  },
  {
    "dataset_id": "3846",
    "question": "Dataset oxirgi marta qachon yangilangan?",
    "answer": "Dataset oxirgi marta 2024-08-21 sanasida yangilangan."
  },
  {
    "dataset_id": "3846",
    "question": "Bu ma'lumotlar uchun kim mas'ul?",
    "answer": "Kamilova Ziyoda Abdurahimovna"
  },
  {
    "dataset_id": "3846",
    "question": "2017 yilda Hududlar boʻyicha norasmiy iqtisodiyotni YAIM (YAHM)dagi ulushi, foizda bo'yicha eng yuqori ko'rsatkich qaysi hududda qayd etilgan?",
    "answer": "2017 yilda eng yuqori ko'rsatkich 57 bilan Jizzax viloyatida qayd etilgan."
  },
  {
    "dataset_id": "3846",
    "question": "2017 yilda Hududlar boʻyicha norasmiy iqtisodiyotni YAIM (YAHM)dagi ulushi, foizda bo'yicha eng past ko'rsatkich qaysi hududda qayd etilgan?",
    "answer": "2017 yilda eng past ko'rsatkich 24,5 bilan Toshkent shahrida qayd etilgan."
  },
  {
    "dataset_id": "3846",
    "question": "2017 yilda O'zbekiston bo'yicha Hududlar boʻyicha norasmiy iqtisodiyotni YAIM (YAHM)dagi ulushi, foizdaning o'rtacha ko'rsatkichi qancha edi?",
    "answer": "2017 yilda O'zbekiston bo'yicha o'rtacha ko'rsatkich 46,5ni tashkil etgan."
  },
  {
    "dataset_id": "3846",
    "question": "2018 yilda Hududlar boʻyicha norasmiy iqtisodiyotni YAIM (YAHM)dagi ulushi, foizda bo'yicha eng yuqori ko'rsatkich qaysi hududda qayd etilgan?",
    "answer": "2018 yilda eng yuqori ko'rsatkich 57,3 bilan Jizzax viloyatida qayd etilgan."
  },
  {
    "dataset_id": "3846",
    "question": "2018 yilda Hududlar boʻyicha norasmiy iqtisodiyotni YAIM (YAHM)dagi ulushi, foizda bo'yicha eng past ko'rsatkich qaysi hududda qayd etilgan?",
    "answer": "2018 yilda eng past ko'rsatkich 21,3 bilan Toshkent shahrida qayd etilgan."
  },
  {
    "dataset_id": "3846",
    "question": "2018 yilda O'zbekiston bo'yicha Hududlar boʻyicha norasmiy iqtisodiyotni YAIM (YAHM)dagi ulushi, foizdaning o'rtacha ko'rsatkichi qancha edi?",
    "answer": "2018 yilda O'zbekiston bo'yicha o'rtacha ko'rsatkich 43,4ni tashkil etgan."
  },
  {
    "dataset_id": "3846",
    "question": "2018 yilda Hududlar boʻyicha norasmiy iqtisodiyotni YAIM (YAHM)dagi ulushi, foizda bo'yicha eng yuqori o'sish sur'ati qaysi hududda qayd etilgan?",
    "answer": "2018 yilda eng yuqori o'sish sur'ati 0.5% bilan Jizzax viloyatida qayd etilgan."
  },
  {
    "dataset_id": "3846",
    "question": "2018 yilda Hududlar boʻyicha norasmiy iqtisodiyotni YAIM (YAHM)dagi ulushi, foizda bo'yicha eng past o'sish sur'ati qaysi hududda qayd etilgan?",
    "answer": "2018 yilda eng past o'sish sur'ati -17.4% bilan Navoiy viloyatida qayd etilgan."
  },
  {
    "dataset_id": "3846",
    "question": "2019 yilda Hududlar boʻyicha norasmiy iqtisodiyotni YAIM (YAHM)dagi ulushi, foizda bo'yicha eng yuqori ko'rsatkich qaysi hududda qayd etilgan?",
    "answer": "2019 yilda eng yuqori ko'rsatkich 50,4 bilan Surxondaryo viloyatida qayd etilgan."
  },
  {
    "dataset_id": "3846",
    "question": "2019 yilda Hududlar boʻyicha norasmiy iqtisodiyotni YAIM (YAHM)dagi ulushi, foizda bo'yicha eng past ko'rsatkich qaysi hududda qayd etilgan?",
    "answer": "2019 yilda eng past ko'rsatkich 19,6 bilan Toshkent shahrida qayd etilgan."
  },
  {
    "dataset_id": "3846",
    "question": "2019 yilda O'zbekiston bo'yicha Hududlar boʻyicha norasmiy iqtisodiyotni YAIM (YAHM)dagi ulushi, foizdaning o'rtacha ko'rsatkichi qancha edi?",
    "answer": "2019 yilda O'zbekiston bo'yicha o'rtacha ko'rsatkich 38,7ni tashkil etgan."
  },
  {
    "dataset_id": "3846",
    "question": "2019 yilda Hududlar boʻyicha norasmiy iqtisodiyotni YAIM (YAHM)dagi ulushi, foizda bo'yicha eng yuqori o'sish sur'ati qaysi hududda qayd etilgan?",
    "answer": "2019 yilda eng yuqori o'sish sur'ati -6.6% bilan Qashqadaryo viloyatida qayd etilgan."
  },
  {
    "dataset_id": "3846",
    "question": "2019 yilda Hududlar boʻyicha norasmiy iqtisodiyotni YAIM (YAHM)dagi ulushi, foizda bo'yicha eng past o'sish sur'ati qaysi hududda qayd etilgan?",
    "answer": "2019 yilda eng past o'sish sur'ati -26.2% bilan Navoiy viloyatida qayd etilgan."
  },
  {
    "dataset_id": "3846",
    "question": "2020 yilda Hududlar boʻyicha norasmiy iqtisodiyotni YAIM (YAHM)dagi ulushi, foizda bo'yicha eng yuqori ko'rsatkich qaysi hududda qayd etilgan?",
    "answer": "2020 yilda eng yuqori ko'rsatkich 50,8 bilan Surxondaryo viloyatida qayd etilgan."
  },
  {
    "dataset_id": "3846",
    "question": "2020 yilda Hududlar boʻyicha norasmiy iqtisodiyotni YAIM (YAHM)dagi ulushi, foizda bo'yicha eng past ko'rsatkich qaysi hududda qayd etilgan?",
    "answer": "2020 yilda eng past ko'rsatkich 18,8 bilan Toshkent shahrida qayd etilgan."
  },
  {
    "dataset_id": "3846",
    "question": "2020 yilda O'zbekiston bo'yicha Hududlar boʻyicha norasmiy iqtisodiyotni YAIM (YAHM)dagi ulushi, foizdaning o'rtacha ko'rsatkichi qancha edi?",
    "answer": "2020 yilda O'zbekiston bo'yicha o'rtacha ko'rsatkich 38,8ni tashkil etgan."
  },
  {
    "dataset_id": "3846",
    "question": "2020 yilda Hududlar boʻyicha norasmiy iqtisodiyotni YAIM (YAHM)dagi ulushi, foizda bo'yicha eng yuqori o'sish sur'ati qaysi hududda qayd etilgan?",
    "answer": "2020 yilda eng yuqori o'sish sur'ati 6.1% bilan Qashqadaryo viloyatida qayd etilgan."
  },
  {
    "dataset_id": "3846",
    "question": "2020 yilda Hududlar boʻyicha norasmiy iqtisodiyotni YAIM (YAHM)dagi ulushi, foizda bo'yicha eng past o'sish sur'ati qaysi hududda qayd etilgan?",
    "answer": "2020 yilda eng past o'sish sur'ati -16.0% bilan Navoiy viloyatida qayd etilgan."
  },
  {
    "dataset_id": "3846",
    "question": "2021 yilda Hududlar boʻyicha norasmiy iqtisodiyotni YAIM (YAHM)dagi ulushi, foizda bo'yicha eng yuqori ko'rsatkich qaysi hududda qayd etilgan?",
    "answer": "2021 yilda eng yuqori ko'rsatkich 49,4 bilan Surxondaryo viloyatida qayd etilgan."
  },
  {
    "dataset_id": "3846",
    "question": "2021 yilda Hududlar boʻyicha norasmiy iqtisodiyotni YAIM (YAHM)dagi ulushi, foizda bo'yicha eng past ko'rsatkich qaysi hududda qayd etilgan?",
    "answer": "2021 yilda eng past ko'rsatkich 16,2 bilan Toshkent shahrida qayd etilgan."
  },
  {
    "dataset_id": "3846",
    "question": "2021 yilda O'zbekiston bo'yicha Hududlar boʻyicha norasmiy iqtisodiyotni YAIM (YAHM)dagi ulushi, foizdaning o'rtacha ko'rsatkichi qancha edi?",
    "answer": "2021 yilda O'zbekiston bo'yicha o'rtacha ko'rsatkich 37,2ni tashkil etgan."
  },
  {
    "dataset_id": "3846",
    "question": "2021 yilda Hududlar boʻyicha norasmiy iqtisodiyotni YAIM (YAHM)dagi ulushi, foizda bo'yicha eng yuqori o'sish sur'ati qaysi hududda qayd etilgan?",
    "answer": "2021 yilda eng yuqori o'sish sur'ati 2.1% bilan Navoiy viloyatida qayd etilgan."
  },
  {
    "dataset_id": "3846",
    "question": "2021 yilda Hududlar boʻyicha norasmiy iqtisodiyotni YAIM (YAHM)dagi ulushi, foizda bo'yicha eng past o'sish sur'ati qaysi hududda qayd etilgan?",
    "answer": "2021 yilda eng past o'sish sur'ati -13.8% bilan Toshkent shahrida qayd etilgan."
  },
  {
    "dataset_id": "3846",
    "question": "2022 yilda Hududlar boʻyicha norasmiy iqtisodiyotni YAIM (YAHM)dagi ulushi, foizda bo'yicha eng yuqori ko'rsatkich qaysi hududda qayd etilgan?",
    "answer": "2022 yilda eng yuqori ko'rsatkich 47,7 bilan Surxondaryo viloyatida qayd etilgan."
  },
  {
    "dataset_id": "3846",
    "question": "2022 yilda Hududlar boʻyicha norasmiy iqtisodiyotni YAIM (YAHM)dagi ulushi, foizda bo'yicha eng past ko'rsatkich qaysi hududda qayd etilgan?",
    "answer": "2022 yilda eng past ko'rsatkich 14,7 bilan Toshkent shahrida qayd etilgan."
  },
  {
    "dataset_id": "3846",
    "question": "2022 yilda O'zbekiston bo'yicha Hududlar boʻyicha norasmiy iqtisodiyotni YAIM (YAHM)dagi ulushi, foizdaning o'rtacha ko'rsatkichi qancha edi?",
    "answer": "2022 yilda O'zbekiston bo'yicha o'rtacha ko'rsatkich 34,6ni tashkil etgan."
  },
  {
    "dataset_id": "3846",
    "question": "2022 yilda Hududlar boʻyicha norasmiy iqtisodiyotni YAIM (YAHM)dagi ulushi, foizda bo'yicha eng yuqori o'sish sur'ati qaysi hududda qayd etilgan?",
    "answer": "2022 yilda eng yuqori o'sish sur'ati -1.4% bilan Toshkent viloyatida qayd etilgan."
  },
  {
    "dataset_id": "3846",
    "question": "2022 yilda Hududlar boʻyicha norasmiy iqtisodiyotni YAIM (YAHM)dagi ulushi, foizda bo'yicha eng past o'sish sur'ati qaysi hududda qayd etilgan?",
    "answer": "2022 yilda eng past o'sish sur'ati -10.4% bilan Sirdaryo viloyatida qayd etilgan."
  },
  {
    "dataset_id": "3846",
    "question": "2023 yilda Hududlar boʻyicha norasmiy iqtisodiyotni YAIM (YAHM)dagi ulushi, foizda bo'yicha eng yuqori ko'rsatkich qaysi hududda qayd etilgan?",
    "answer": "2023 yilda eng yuqori ko'rsatkich 47,6 bilan Surxondaryo viloyatida qayd etilgan."
  },
  {
    "dataset_id": "3846",
    "question": "2023 yilda Hududlar boʻyicha norasmiy iqtisodiyotni YAIM (YAHM)dagi ulushi, foizda bo'yicha eng past ko'rsatkich qaysi hududda qayd etilgan?",
    "answer": "2023 yilda eng past ko'rsatkich 13,6 bilan Toshkent shahrida qayd etilgan."
  },
  {
    "dataset_id": "3846",
    "question": "2023 yilda O'zbekiston bo'yicha Hududlar boʻyicha norasmiy iqtisodiyotni YAIM (YAHM)dagi ulushi, foizdaning o'rtacha ko'rsatkichi qancha edi?",
    "answer": "2023 yilda O'zbekiston bo'yicha o'rtacha ko'rsatkich 34,2ni tashkil etgan."
  },
  {
    "dataset_id": "3846",
    "question": "2023 yilda Hududlar boʻyicha norasmiy iqtisodiyotni YAIM (YAHM)dagi ulushi, foizda bo'yicha eng yuqori o'sish sur'ati qaysi hududda qayd etilgan?",
    "answer": "2023 yilda eng yuqori o'sish sur'ati 6.5% bilan Qoraqalpog‘iston Respublikasida qayd etilgan."
  },
  {
    "dataset_id": "3846",
    "question": "2023 yilda Hududlar boʻyicha norasmiy iqtisodiyotni YAIM (YAHM)dagi ulushi, foizda bo'yicha eng past o'sish sur'ati qaysi hududda qayd etilgan?",
    "answer": "2023 yilda eng past o'sish sur'ati -7.5% bilan Toshkent shahrida qayd etilgan."
  },
  {
    "dataset_id": "3846",
    "question": "2024 yilda Hududlar boʻyicha norasmiy iqtisodiyotni YAIM (YAHM)dagi ulushi, foizda bo'yicha eng yuqori ko'rsatkich qaysi hududda qayd etilgan?",
    "answer": "2024 yilda eng yuqori ko'rsatkich 46,7 bilan Surxondaryo viloyatida qayd etilgan."
  },
  {
    "dataset_id": "3846",
    "question": "2024 yilda Hududlar boʻyicha norasmiy iqtisodiyotni YAIM (YAHM)dagi ulushi, foizda bo'yicha eng past ko'rsatkich qaysi hududda qayd etilgan?",
    "answer": "2024 yilda eng past ko'rsatkich 15,4 bilan Toshkent shahrida qayd etilgan."
  },
  {
    "dataset_id": "3846",
    "question": "2024 yilda O'zbekiston bo'yicha Hududlar boʻyicha norasmiy iqtisodiyotni YAIM (YAHM)dagi ulushi, foizdaning o'rtacha ko'rsatkichi qancha edi?",
    "answer": "2024 yilda O'zbekiston bo'yicha o'rtacha ko'rsatkich 33,9ni tashkil etgan."
  },
  {
    "dataset_id": "3846",
    "question": "2024 yilda Hududlar boʻyicha norasmiy iqtisodiyotni YAIM (YAHM)dagi ulushi, foizda bo'yicha eng yuqori o'sish sur'ati qaysi hududda qayd etilgan?",
    "answer": "2024 yilda eng yuqori o'sish sur'ati 13.2% bilan Toshkent shahrida qayd etilgan."
  },
  {
    "dataset_id": "3846",
    "question": "2024 yilda Hududlar boʻyicha norasmiy iqtisodiyotni YAIM (YAHM)dagi ulushi, foizda bo'yicha eng past o'sish sur'ati qaysi hududda qayd etilgan?",
    "answer": "2024 yilda eng past o'sish sur'ati -10.7% bilan Navoiy viloyatida qayd etilgan."
  },
  {
    "dataset_id": "3846",
    "question": "O‘zbekiston Respublikasida Hududlar boʻyicha norasmiy iqtisodiyotni YAIM (YAHM)dagi ulushi, foizda ko'rsatkichlari qanday dinamikaga ega?",
    "answer": "O‘zbekiston Respublikasida ko'rsatkichlarning o'rtacha qiymati 30,5, eng yuqori ko'rsatkich 37,8, eng past ko'rsatkich 26,4ni tashkil etgan. Umumiy tendensiya pasayish tomon yo'nalgan."
  },
  {
    "dataset_id": "3846",
    "question": "O‘zbekiston Respublikasida Hududlar boʻyicha norasmiy iqtisodiyotni YAIM (YAHM)dagi ulushi, foizdaning ko'p yillik o'rtacha o'sish sur'ati qanday?",
    "answer": "O‘zbekiston Respublikasida 2017-2024 yillar oralig'ida o'rtacha yillik o'sish sur'ati -4.9%ni tashkil etgan."
  },
  {
    "dataset_id": "3846",
    "question": "Qoraqalpog‘iston Respublikasida Hududlar boʻyicha norasmiy iqtisodiyotni YAIM (YAHM)dagi ulushi, foizda ko'rsatkichlari qanday dinamikaga ega?",
    "answer": "Qoraqalpog‘iston Respublikasida ko'rsatkichlarning o'rtacha qiymati 31,3, eng yuqori ko'rsatkich 35,7, eng past ko'rsatkich 29,1ni tashkil etgan. Umumiy tendensiya pasayish tomon yo'nalgan."
  },
  {
    "dataset_id": "3846",
    "question": "Qoraqalpog‘iston Respublikasida Hududlar boʻyicha norasmiy iqtisodiyotni YAIM (YAHM)dagi ulushi, foizdaning ko'p yillik o'rtacha o'sish sur'ati qanday?",
    "answer": "Qoraqalpog‘iston Respublikasida 2017-2024 yillar oralig'ida o'rtacha yillik o'sish sur'ati -1.6%ni tashkil etgan."
  },
  {
    "dataset_id": "3846",
    "question": "Andijon viloyatida Hududlar boʻyicha norasmiy iqtisodiyotni YAIM (YAHM)dagi ulushi, foizda ko'rsatkichlari qanday dinamikaga ega?",
    "answer": "Andijon viloyatida ko'rsatkichlarning o'rtacha qiymati 42,9, eng yuqori ko'rsatkich 55,1, eng past ko'rsatkich 35,9ni tashkil etgan. Umumiy tendensiya pasayish tomon yo'nalgan."
  },
  {
    "dataset_id": "3846",
    "question": "Andijon viloyatida Hududlar boʻyicha norasmiy iqtisodiyotni YAIM (YAHM)dagi ulushi, foizdaning ko'p yillik o'rtacha o'sish sur'ati qanday?",
    "answer": "Andijon viloyatida 2017-2024 yillar oralig'ida o'rtacha yillik o'sish sur'ati -5.8%ni tashkil etgan."
  },
  {
    "dataset_id": "3846",
    "question": "Buxoro viloyatida Hududlar boʻyicha norasmiy iqtisodiyotni YAIM (YAHM)dagi ulushi, foizda ko'rsatkichlari qanday dinamikaga ega?",
    "answer": "Buxoro viloyatida ko'rsatkichlarning o'rtacha qiymati 45,5, eng yuqori ko'rsatkich 52,5, eng past ko'rsatkich 40,8ni tashkil etgan. Umumiy tendensiya pasayish tomon yo'nalgan."
  },
  {
    "dataset_id": "3846",
    "question": "Buxoro viloyatida Hududlar boʻyicha norasmiy iqtisodiyotni YAIM (YAHM)dagi ulushi, foizdaning ko'p yillik o'rtacha o'sish sur'ati qanday?",
    "answer": "Buxoro viloyatida 2017-2024 yillar oralig'ida o'rtacha yillik o'sish sur'ati -3.3%ni tashkil etgan."
  },
  {
    "dataset_id": "3846",
    "question": "Jizzax viloyatida Hududlar boʻyicha norasmiy iqtisodiyotni YAIM (YAHM)dagi ulushi, foizda ko'rsatkichlari qanday dinamikaga ega?",
    "answer": "Jizzax viloyatida ko'rsatkichlarning o'rtacha qiymati 48,3, eng yuqori ko'rsatkich 57,3, eng past ko'rsatkich 40,7ni tashkil etgan. Umumiy tendensiya pasayish tomon yo'nalgan."
  },
  {
    "dataset_id": "3846",
    "question": "Jizzax viloyatida Hududlar boʻyicha norasmiy iqtisodiyotni YAIM (YAHM)dagi ulushi, foizdaning ko'p yillik o'rtacha o'sish sur'ati qanday?",
    "answer": "Jizzax viloyatida 2017-2024 yillar oralig'ida o'rtacha yillik o'sish sur'ati -4.6%ni tashkil etgan."
  },
  {
    "dataset_id": "3846",
    "question": "Qashqadaryo viloyatida Hududlar boʻyicha norasmiy iqtisodiyotni YAIM (YAHM)dagi ulushi, foizda ko'rsatkichlari qanday dinamikaga ega?",
    "answer": "Qashqadaryo viloyatida ko'rsatkichlarning o'rtacha qiymati 44,4, eng yuqori ko'rsatkich 48, eng past ko'rsatkich 41,4ni tashkil etgan. Umumiy tendensiya pasayish tomon yo'nalgan."
  },
  {
    "dataset_id": "3846",
    "question": "Qashqadaryo viloyatida Hududlar boʻyicha norasmiy iqtisodiyotni YAIM (YAHM)dagi ulushi, foizdaning ko'p yillik o'rtacha o'sish sur'ati qanday?",
    "answer": "Qashqadaryo viloyatida 2017-2024 yillar oralig'ida o'rtacha yillik o'sish sur'ati -2.0%ni tashkil etgan."
  },
  {
    "dataset_id": "3846",
    "question": "Navoiy viloyatida Hududlar boʻyicha norasmiy iqtisodiyotni YAIM (YAHM)dagi ulushi, foizda ko'rsatkichlari qanday dinamikaga ega?",
    "answer": "Navoiy viloyatida ko'rsatkichlarning o'rtacha qiymati 22,9, eng yuqori ko'rsatkich 37,9, eng past ko'rsatkich 15,9ni tashkil etgan. Umumiy tendensiya pasayish tomon yo'nalgan."
  },
  {
    "dataset_id": "3846",
    "question": "Navoiy viloyatida Hududlar boʻyicha norasmiy iqtisodiyotni YAIM (YAHM)dagi ulushi, foizdaning ko'p yillik o'rtacha o'sish sur'ati qanday?",
    "answer": "Navoiy viloyatida 2017-2024 yillar oralig'ida o'rtacha yillik o'sish sur'ati -11.2%ni tashkil etgan."
  },
  {
    "dataset_id": "3846",
    "question": "Namangan viloyatida Hududlar boʻyicha norasmiy iqtisodiyotni YAIM (YAHM)dagi ulushi, foizda ko'rsatkichlari qanday dinamikaga ega?",
    "answer": "Namangan viloyatida ko'rsatkichlarning o'rtacha qiymati 44, eng yuqori ko'rsatkich 53,4, eng past ko'rsatkich 37,6ni tashkil etgan. Umumiy tendensiya pasayish tomon yo'nalgan."
  },
  {
    "dataset_id": "3846",
    "question": "Namangan viloyatida Hududlar boʻyicha norasmiy iqtisodiyotni YAIM (YAHM)dagi ulushi, foizdaning ko'p yillik o'rtacha o'sish sur'ati qanday?",
    "answer": "Namangan viloyatida 2017-2024 yillar oralig'ida o'rtacha yillik o'sish sur'ati -4.8%ni tashkil etgan."
  },
  {
    "dataset_id": "3846",
    "question": "Samarqand viloyatida Hududlar boʻyicha norasmiy iqtisodiyotni YAIM (YAHM)dagi ulushi, foizda ko'rsatkichlari qanday dinamikaga ega?",
    "answer": "Samarqand viloyatida ko'rsatkichlarning o'rtacha qiymati 43,4, eng yuqori ko'rsatkich 50,6, eng past ko'rsatkich 38,7ni tashkil etgan. Umumiy tendensiya pasayish tomon yo'nalgan."
  },
  {
    "dataset_id": "3846",
    "question": "Samarqand viloyatida Hududlar boʻyicha norasmiy iqtisodiyotni YAIM (YAHM)dagi ulushi, foizdaning ko'p yillik o'rtacha o'sish sur'ati qanday?",
    "answer": "Samarqand viloyatida 2017-2024 yillar oralig'ida o'rtacha yillik o'sish sur'ati -3.7%ni tashkil etgan."
  },
  {
    "dataset_id": "3846",
    "question": "Surxondaryo viloyatida Hududlar boʻyicha norasmiy iqtisodiyotni YAIM (YAHM)dagi ulushi, foizda ko'rsatkichlari qanday dinamikaga ega?",
    "answer": "Surxondaryo viloyatida ko'rsatkichlarning o'rtacha qiymati 50,5, eng yuqori ko'rsatkich 56,9, eng past ko'rsatkich 46,7ni tashkil etgan. Umumiy tendensiya pasayish tomon yo'nalgan."
  },
  {
    "dataset_id": "3846",
    "question": "Surxondaryo viloyatida Hududlar boʻyicha norasmiy iqtisodiyotni YAIM (YAHM)dagi ulushi, foizdaning ko'p yillik o'rtacha o'sish sur'ati qanday?",
    "answer": "Surxondaryo viloyatida 2017-2024 yillar oralig'ida o'rtacha yillik o'sish sur'ati -2.7%ni tashkil etgan."
  },
  {
    "dataset_id": "3846",
    "question": "Sirdaryo viloyatida Hududlar boʻyicha norasmiy iqtisodiyotni YAIM (YAHM)dagi ulushi, foizda ko'rsatkichlari qanday dinamikaga ega?",
    "answer": "Sirdaryo viloyatida ko'rsatkichlarning o'rtacha qiymati 35,6, eng yuqori ko'rsatkich 45,3, eng past ko'rsatkich 30,3ni tashkil etgan. Umumiy tendensiya pasayish tomon yo'nalgan."
  },
  {
    "dataset_id": "3846",
    "question": "Sirdaryo viloyatida Hududlar boʻyicha norasmiy iqtisodiyotni YAIM (YAHM)dagi ulushi, foizdaning ko'p yillik o'rtacha o'sish sur'ati qanday?",
    "answer": "Sirdaryo viloyatida 2017-2024 yillar oralig'ida o'rtacha yillik o'sish sur'ati -5.1%ni tashkil etgan."
  },
  {
    "dataset_id": "3846",
    "question": "Toshkent viloyatida Hududlar boʻyicha norasmiy iqtisodiyotni YAIM (YAHM)dagi ulushi, foizda ko'rsatkichlari qanday dinamikaga ega?",
    "answer": "Toshkent viloyatida ko'rsatkichlarning o'rtacha qiymati 31,3, eng yuqori ko'rsatkich 42,3, eng past ko'rsatkich 27,4ni tashkil etgan. Umumiy tendensiya pasayish tomon yo'nalgan."
  },
  {
    "dataset_id": "3846",
    "question": "Toshkent viloyatida Hududlar boʻyicha norasmiy iqtisodiyotni YAIM (YAHM)dagi ulushi, foizdaning ko'p yillik o'rtacha o'sish sur'ati qanday?",
    "answer": "Toshkent viloyatida 2017-2024 yillar oralig'ida o'rtacha yillik o'sish sur'ati -5.1%ni tashkil etgan."
  },
  {
    "dataset_id": "3846",
    "question": "Farg‘ona  viloyatida Hududlar boʻyicha norasmiy iqtisodiyotni YAIM (YAHM)dagi ulushi, foizda ko'rsatkichlari qanday dinamikaga ega?",
    "answer": "Farg‘ona  viloyatida ko'rsatkichlarning o'rtacha qiymati 39,5, eng yuqori ko'rsatkich 47,2, eng past ko'rsatkich 35,1ni tashkil etgan. Umumiy tendensiya pasayish tomon yo'nalgan."
  },
  {
    "dataset_id": "3846",
    "question": "Farg‘ona  viloyatida Hududlar boʻyicha norasmiy iqtisodiyotni YAIM (YAHM)dagi ulushi, foizdaning ko'p yillik o'rtacha o'sish sur'ati qanday?",
    "answer": "Farg‘ona  viloyatida 2017-2024 yillar oralig'ida o'rtacha yillik o'sish sur'ati -4.1%ni tashkil etgan."
  },
  {
    "dataset_id": "3846",
    "question": "Xorazm viloyatida Hududlar boʻyicha norasmiy iqtisodiyotni YAIM (YAHM)dagi ulushi, foizda ko'rsatkichlari qanday dinamikaga ega?",
    "answer": "Xorazm viloyatida ko'rsatkichlarning o'rtacha qiymati 47,9, eng yuqori ko'rsatkich 54, eng past ko'rsatkich 42,5ni tashkil etgan. Umumiy tendensiya pasayish tomon yo'nalgan."
  },
  {
    "dataset_id": "3846",
    "question": "Xorazm viloyatida Hududlar boʻyicha norasmiy iqtisodiyotni YAIM (YAHM)dagi ulushi, foizdaning ko'p yillik o'rtacha o'sish sur'ati qanday?",
    "answer": "Xorazm viloyatida 2017-2024 yillar oralig'ida o'rtacha yillik o'sish sur'ati -3.3%ni tashkil etgan."
  },
  {
    "dataset_id": "3846",
    "question": "Toshkent shahrida Hududlar boʻyicha norasmiy iqtisodiyotni YAIM (YAHM)dagi ulushi, foizda ko'rsatkichlari qanday dinamikaga ega?",
    "answer": "Toshkent shahrida ko'rsatkichlarning o'rtacha qiymati 18, eng yuqori ko'rsatkich 24,5, eng past ko'rsatkich 13,6ni tashkil etgan. Umumiy tendensiya pasayish tomon yo'nalgan."
  },
  {
    "dataset_id": "3846",
    "question": "Toshkent shahrida Hududlar boʻyicha norasmiy iqtisodiyotni YAIM (YAHM)dagi ulushi, foizdaning ko'p yillik o'rtacha o'sish sur'ati qanday?",
    "answer": "Toshkent shahrida 2017-2024 yillar oralig'ida o'rtacha yillik o'sish sur'ati -6.1%ni tashkil etgan."
  },
  {
    "dataset_id": "3846",
    "question": "2017-2024 yillar oralig'ida O‘zbekiston Respublikasida Hududlar boʻyicha norasmiy iqtisodiyotni YAIM (YAHM)dagi ulushi, foizda qanday o'zgargan?",
    "answer": "2017-2024 yillar oralig'ida O‘zbekiston Respublikasida ko'rsatkich 30.2% ga kamaygan."
  },
  {
    "dataset_id": "3846",
    "question": "2017-2024 yillar oralig'ida Qoraqalpog‘iston Respublikasida Hududlar boʻyicha norasmiy iqtisodiyotni YAIM (YAHM)dagi ulushi, foizda qanday o'zgargan?",
    "answer": "2017-2024 yillar oralig'ida Qoraqalpog‘iston Respublikasida ko'rsatkich 11.8% ga kamaygan."
  },
  {
    "dataset_id": "3846",
    "question": "2017-2024 yillar oralig'ida Andijon viloyatida Hududlar boʻyicha norasmiy iqtisodiyotni YAIM (YAHM)dagi ulushi, foizda qanday o'zgargan?",
    "answer": "2017-2024 yillar oralig'ida Andijon viloyatida ko'rsatkich 34.8% ga kamaygan."
  },
  {
    "dataset_id": "3846",
    "question": "2017-2024 yillar oralig'ida Buxoro viloyatida Hududlar boʻyicha norasmiy iqtisodiyotni YAIM (YAHM)dagi ulushi, foizda qanday o'zgargan?",
    "answer": "2017-2024 yillar oralig'ida Buxoro viloyatida ko'rsatkich 21.7% ga kamaygan."
  },
  {
    "dataset_id": "3846",
    "question": "2017-2024 yillar oralig'ida Jizzax viloyatida Hududlar boʻyicha norasmiy iqtisodiyotni YAIM (YAHM)dagi ulushi, foizda qanday o'zgargan?",
    "answer": "2017-2024 yillar oralig'ida Jizzax viloyatida ko'rsatkich 28.6% ga kamaygan."
  },
  {
    "dataset_id": "3846",
    "question": "2017-2024 yillar oralig'ida Qashqadaryo viloyatida Hududlar boʻyicha norasmiy iqtisodiyotni YAIM (YAHM)dagi ulushi, foizda qanday o'zgargan?",
    "answer": "2017-2024 yillar oralig'ida Qashqadaryo viloyatida ko'rsatkich 13.8% ga kamaygan."
  },
  {
    "dataset_id": "3846",
    "question": "2017-2024 yillar oralig'ida Navoiy viloyatida Hududlar boʻyicha norasmiy iqtisodiyotni YAIM (YAHM)dagi ulushi, foizda qanday o'zgargan?",
    "answer": "2017-2024 yillar oralig'ida Navoiy viloyatida ko'rsatkich 58% ga kamaygan."
  },
  {
    "dataset_id": "3846",
    "question": "2017-2024 yillar oralig'ida Namangan viloyatida Hududlar boʻyicha norasmiy iqtisodiyotni YAIM (YAHM)dagi ulushi, foizda qanday o'zgargan?",
    "answer": "2017-2024 yillar oralig'ida Namangan viloyatida ko'rsatkich 29.6% ga kamaygan."
  },
  {
    "dataset_id": "3846",
    "question": "2017-2024 yillar oralig'ida Samarqand viloyatida Hududlar boʻyicha norasmiy iqtisodiyotni YAIM (YAHM)dagi ulushi, foizda qanday o'zgargan?",
    "answer": "2017-2024 yillar oralig'ida Samarqand viloyatida ko'rsatkich 23.5% ga kamaygan."
  },
  {
    "dataset_id": "3846",
    "question": "2017-2024 yillar oralig'ida Surxondaryo viloyatida Hududlar boʻyicha norasmiy iqtisodiyotni YAIM (YAHM)dagi ulushi, foizda qanday o'zgargan?",
    "answer": "2017-2024 yillar oralig'ida Surxondaryo viloyatida ko'rsatkich 17.9% ga kamaygan."
  },
  {
    "dataset_id": "3846",
    "question": "2017-2024 yillar oralig'ida Sirdaryo viloyatida Hududlar boʻyicha norasmiy iqtisodiyotni YAIM (YAHM)dagi ulushi, foizda qanday o'zgargan?",
    "answer": "2017-2024 yillar oralig'ida Sirdaryo viloyatida ko'rsatkich 31.8% ga kamaygan."
  },
  {
    "dataset_id": "3846",
    "question": "2017-2024 yillar oralig'ida Toshkent viloyatida Hududlar boʻyicha norasmiy iqtisodiyotni YAIM (YAHM)dagi ulushi, foizda qanday o'zgargan?",
    "answer": "2017-2024 yillar oralig'ida Toshkent viloyatida ko'rsatkich 32.2% ga kamaygan."
  },
  {
    "dataset_id": "3846",
    "question": "2017-2024 yillar oralig'ida Farg‘ona  viloyatida Hududlar boʻyicha norasmiy iqtisodiyotni YAIM (YAHM)dagi ulushi, foizda qanday o'zgargan?",
    "answer": "2017-2024 yillar oralig'ida Farg‘ona  viloyatida ko'rsatkich 25.6% ga kamaygan."
  },
  {
    "dataset_id": "3846",
    "question": "2017-2024 yillar oralig'ida Xorazm viloyatida Hududlar boʻyicha norasmiy iqtisodiyotni YAIM (YAHM)dagi ulushi, foizda qanday o'zgargan?",
    "answer": "2017-2024 yillar oralig'ida Xorazm viloyatida ko'rsatkich 21.3% ga kamaygan."
  },
  {
    "dataset_id": "3846",
    "question": "2017-2024 yillar oralig'ida Toshkent shahrida Hududlar boʻyicha norasmiy iqtisodiyotni YAIM (YAHM)dagi ulushi, foizda qanday o'zgargan?",
    "answer": "2017-2024 yillar oralig'ida Toshkent shahrida ko'rsatkich 37.1% ga kamaygan."
  },
  {
    "dataset_id": "3846",
    "question": "2024 yil holatiga ko'ra Hududlar boʻyicha norasmiy iqtisodiyotni YAIM (YAHM)dagi ulushi, foizda bo'yicha yetakchi hududlar qaysilar?",
    "answer": "2024 yilda eng yuqori ko'rsatkichlar:\n1. Surxondaryo viloyati - 46,7\n2. Xorazm viloyati - 42,5\n3. Qashqadaryo viloyati - 41,4"
  },
  {
    "dataset_id": "3846",
    "question": "2024 yil holatiga ko'ra Hududlar boʻyicha norasmiy iqtisodiyotni YAIM (YAHM)dagi ulushi, foizda bo'yicha eng past ko'rsatkichli hududlar qaysilar?",
    "answer": "2024 yilda eng past ko'rsatkichlar:\n1. Toshkent shahri - 15,4\n2. Navoiy viloyati - 15,9\n3. O‘zbekiston Respublikasi - 26,4"
  }
]