{
  "url": "https://stat.uz/uz/rasmiy-statistika/national-accounts-2",
  "title": "MIlliy hisoblar",
  "content": {
    "description": [],
    "datasets": [
      {
        "id": "1209",
        "title": "Tarmoqlarning yalpi qo‘shilgan qiymati hajmi (doimiy narxlarda, yillik) 07/08/2024",
        "files": {
          "xlsx": "https://api.siat.stat.uz/media/uploads/sdmx/sdmx_data_1209.xlsx",
          "pdf": "https://api.siat.stat.uz/media/uploads/sdmx/sdmx_data_1209.pdf",
          "csv": "https://api.siat.stat.uz/media/uploads/sdmx/sdmx_data_1209.csv",
          "json": "https://api.siat.stat.uz/media/uploads/sdmx/sdmx_data_1209.json",
          "xml": "https://api.siat.stat.uz/media/uploads/sdmx/sdmx_data_1209.xml"
        }
      },
      {
        "id": "1211",
        "title": "Tarmoqlarning yalpi qo‘shilgan qiymati o‘sish sur’ati (yillik) 07/08/2024",
        "files": {
          "xlsx": "https://api.siat.stat.uz/media/uploads/sdmx/sdmx_data_1211.xlsx",
          "pdf": "https://api.siat.stat.uz/media/uploads/sdmx/sdmx_data_1211.pdf",
          "csv": "https://api.siat.stat.uz/media/uploads/sdmx/sdmx_data_1211.csv",
          "json": "https://api.siat.stat.uz/media/uploads/sdmx/sdmx_data_1211.json",
          "xml": "https://api.siat.stat.uz/media/uploads/sdmx/sdmx_data_1211.xml"
        }
      },
      {
        "id": "1299",
        "title": "Yalpi ichki (hududiy) mahsulot hajmi (yillik) 07/08/2024",
        "files": {
          "xlsx": "https://api.siat.stat.uz/media/uploads/sdmx/sdmx_data_1299.xlsx",
          "pdf": "https://api.siat.stat.uz/media/uploads/sdmx/sdmx_data_1299.pdf",
          "csv": "https://api.siat.stat.uz/media/uploads/sdmx/sdmx_data_1299.csv",
          "json": "https://api.siat.stat.uz/media/uploads/sdmx/sdmx_data_1299.json",
          "xml": "https://api.siat.stat.uz/media/uploads/sdmx/sdmx_data_1299.xml"
        }
      },
      {
        "id": "1582",
        "title": "Yalpi ichki (hududiy) mahsulot hajmi (choraklik) 24/10/2024",
        "files": {
          "xlsx": "https://api.siat.stat.uz/media/uploads/sdmx/sdmx_data_1582.xlsx",
          "pdf": "https://api.siat.stat.uz/media/uploads/sdmx/sdmx_data_1582.pdf",
          "csv": "https://api.siat.stat.uz/media/uploads/sdmx/sdmx_data_1582.csv",
          "json": "https://api.siat.stat.uz/media/uploads/sdmx/sdmx_data_1582.json",
          "xml": "https://api.siat.stat.uz/media/uploads/sdmx/sdmx_data_1582.xml"
        }
      },
      {
        "id": "1583",
        "title": "Tarmoqlarning yalpi qo‘shilgan qiymati (choraklik) 24/10/2024",
        "files": {
          "xlsx": "https://api.siat.stat.uz/media/uploads/sdmx/sdmx_data_1583.xlsx",
          "pdf": "https://api.siat.stat.uz/media/uploads/sdmx/sdmx_data_1583.pdf",
          "csv": "https://api.siat.stat.uz/media/uploads/sdmx/sdmx_data_1583.csv",
          "json": "https://api.siat.stat.uz/media/uploads/sdmx/sdmx_data_1583.json",
          "xml": "https://api.siat.stat.uz/media/uploads/sdmx/sdmx_data_1583.xml"
        }
      },
      {
        "id": "1584",
        "title": "Qishloq, o‘rmon va baliqchilik xo‘jaligida yaratilgan yalpi qo‘shilgan qiymat (choraklik) 24/10/2024",
        "files": {
          "xlsx": "https://api.siat.stat.uz/media/uploads/sdmx/sdmx_data_1584.xlsx",
          "pdf": "https://api.siat.stat.uz/media/uploads/sdmx/sdmx_data_1584.pdf",
          "csv": "https://api.siat.stat.uz/media/uploads/sdmx/sdmx_data_1584.csv",
          "json": "https://api.siat.stat.uz/media/uploads/sdmx/sdmx_data_1584.json",
          "xml": "https://api.siat.stat.uz/media/uploads/sdmx/sdmx_data_1584.xml"
        }
      },
      {
        "id": "1585",
        "title": "Sanoat (qurilishni qo‘shgan holda) yalpi qo‘shilgan qiymati (choraklik) 24/10/2024",
        "files": {
          "xlsx": "https://api.siat.stat.uz/media/uploads/sdmx/sdmx_data_1585.xlsx",
          "pdf": "https://api.siat.stat.uz/media/uploads/sdmx/sdmx_data_1585.pdf",
          "csv": "https://api.siat.stat.uz/media/uploads/sdmx/sdmx_data_1585.csv",
          "json": "https://api.siat.stat.uz/media/uploads/sdmx/sdmx_data_1585.json",
          "xml": "https://api.siat.stat.uz/media/uploads/sdmx/sdmx_data_1585.xml"
        }
      },
      {
        "id": "1586",
        "title": "Sanoatning yalpi qo‘shilgan qiymati (choraklik) 24/10/2024",
        "files": {
          "xlsx": "https://api.siat.stat.uz/media/uploads/sdmx/sdmx_data_1586.xlsx",
          "pdf": "https://api.siat.stat.uz/media/uploads/sdmx/sdmx_data_1586.pdf",
          "csv": "https://api.siat.stat.uz/media/uploads/sdmx/sdmx_data_1586.csv",
          "json": "https://api.siat.stat.uz/media/uploads/sdmx/sdmx_data_1586.json",
          "xml": "https://api.siat.stat.uz/media/uploads/sdmx/sdmx_data_1586.xml"
        }
      },
      {
        "id": "1587",
        "title": "Qurilishning yalpi qo‘shilgan qiymati (choraklik) 24/10/2024",
        "files": {
          "xlsx": "https://api.siat.stat.uz/media/uploads/sdmx/sdmx_data_1587.xlsx",
          "pdf": "https://api.siat.stat.uz/media/uploads/sdmx/sdmx_data_1587.pdf",
          "csv": "https://api.siat.stat.uz/media/uploads/sdmx/sdmx_data_1587.csv",
          "json": "https://api.siat.stat.uz/media/uploads/sdmx/sdmx_data_1587.json",
          "xml": "https://api.siat.stat.uz/media/uploads/sdmx/sdmx_data_1587.xml"
        }
      },
      {
        "id": "1588",
        "title": "Xizmatlar sohasida yalpi qo‘shilgan qiymat (choraklik) 24/10/2024",
        "files": {
          "xlsx": "https://api.siat.stat.uz/media/uploads/sdmx/sdmx_data_1588.xlsx",
          "pdf": "https://api.siat.stat.uz/media/uploads/sdmx/sdmx_data_1588.pdf",
          "csv": "https://api.siat.stat.uz/media/uploads/sdmx/sdmx_data_1588.csv",
          "json": "https://api.siat.stat.uz/media/uploads/sdmx/sdmx_data_1588.json",
          "xml": "https://api.siat.stat.uz/media/uploads/sdmx/sdmx_data_1588.xml"
        }
      },
      {
        "id": "1589",
        "title": "Savdo, yashash va ovqatlanish bo‘yicha xizmatlarning yalpi qo‘shilgan qiymati (choraklik) 24/10/2024",
        "files": {
          "xlsx": "https://api.siat.stat.uz/media/uploads/sdmx/sdmx_data_1589.xlsx",
          "pdf": "https://api.siat.stat.uz/media/uploads/sdmx/sdmx_data_1589.pdf",
          "csv": "https://api.siat.stat.uz/media/uploads/sdmx/sdmx_data_1589.csv",
          "json": "https://api.siat.stat.uz/media/uploads/sdmx/sdmx_data_1589.json",
          "xml": "https://api.siat.stat.uz/media/uploads/sdmx/sdmx_data_1589.xml"
        }
      },
      {
        "id": "1773",
        "title": "Qurilishning o‘sish sur’atlari (choraklik) 24/10/2024",
        "files": {
          "xlsx": "https://api.siat.stat.uz/media/uploads/sdmx/sdmx_data_1773.xlsx",
          "pdf": "https://api.siat.stat.uz/media/uploads/sdmx/sdmx_data_1773.pdf",
          "csv": "https://api.siat.stat.uz/media/uploads/sdmx/sdmx_data_1773.csv",
          "json": "https://api.siat.stat.uz/media/uploads/sdmx/sdmx_data_1773.json",
          "xml": "https://api.siat.stat.uz/media/uploads/sdmx/sdmx_data_1773.xml"
        }
      },
      {
        "id": "1775",
        "title": "Tashish va saqlash, axborot va aloqa xizmatlarining yalpi qo‘shilgan qiymati (choraklik) 24/10/2024",
        "files": {
          "xlsx": "https://api.siat.stat.uz/media/uploads/sdmx/sdmx_data_1775.xlsx",
          "pdf": "https://api.siat.stat.uz/media/uploads/sdmx/sdmx_data_1775.pdf",
          "csv": "https://api.siat.stat.uz/media/uploads/sdmx/sdmx_data_1775.csv",
          "json": "https://api.siat.stat.uz/media/uploads/sdmx/sdmx_data_1775.json",
          "xml": "https://api.siat.stat.uz/media/uploads/sdmx/sdmx_data_1775.xml"
        }
      },
      {
        "id": "1777",
        "title": "Xizmatlar sohasining o‘sish sur’atlari (choraklik) 24/10/2024",
        "files": {
          "xlsx": "https://api.siat.stat.uz/media/uploads/sdmx/sdmx_data_1777.xlsx",
          "pdf": "https://api.siat.stat.uz/media/uploads/sdmx/sdmx_data_1777.pdf",
          "csv": "https://api.siat.stat.uz/media/uploads/sdmx/sdmx_data_1777.csv",
          "json": "https://api.siat.stat.uz/media/uploads/sdmx/sdmx_data_1777.json",
          "xml": "https://api.siat.stat.uz/media/uploads/sdmx/sdmx_data_1777.xml"
        }
      },
      {
        "id": "1778",
        "title": "Boshqa xizmat tarmoqlarining yalpi qo‘shilgan qiymati (choraklik) 24/10/2024",
        "files": {
          "xlsx": "https://api.siat.stat.uz/media/uploads/sdmx/sdmx_data_1778.xlsx",
          "pdf": "https://api.siat.stat.uz/media/uploads/sdmx/sdmx_data_1778.pdf",
          "csv": "https://api.siat.stat.uz/media/uploads/sdmx/sdmx_data_1778.csv",
          "json": "https://api.siat.stat.uz/media/uploads/sdmx/sdmx_data_1778.json",
          "xml": "https://api.siat.stat.uz/media/uploads/sdmx/sdmx_data_1778.xml"
        }
      },
      {
        "id": "1780",
        "title": "Savdo, yashash va ovqatlanish xizmatlarning o‘sish sur’atlari (choraklik) 24/10/2024",
        "files": {
          "xlsx": "https://api.siat.stat.uz/media/uploads/sdmx/sdmx_data_1780.xlsx",
          "pdf": "https://api.siat.stat.uz/media/uploads/sdmx/sdmx_data_1780.pdf",
          "csv": "https://api.siat.stat.uz/media/uploads/sdmx/sdmx_data_1780.csv",
          "json": "https://api.siat.stat.uz/media/uploads/sdmx/sdmx_data_1780.json",
          "xml": "https://api.siat.stat.uz/media/uploads/sdmx/sdmx_data_1780.xml"
        }
      },
      {
        "id": "1783",
        "title": "Tashish va saqlash, axborot va aloqa xizmatlarning o‘sish sur’atlari (choraklik) 24/10/2024",
        "files": {
          "xlsx": "https://api.siat.stat.uz/media/uploads/sdmx/sdmx_data_1783.xlsx",
          "pdf": "https://api.siat.stat.uz/media/uploads/sdmx/sdmx_data_1783.pdf",
          "csv": "https://api.siat.stat.uz/media/uploads/sdmx/sdmx_data_1783.csv",
          "json": "https://api.siat.stat.uz/media/uploads/sdmx/sdmx_data_1783.json",
          "xml": "https://api.siat.stat.uz/media/uploads/sdmx/sdmx_data_1783.xml"
        }
      },
      {
        "id": "1784",
        "title": "Mahsulotlarga sof soliqlar (choraklik) 24/10/2024",
        "files": {
          "xlsx": "https://api.siat.stat.uz/media/uploads/sdmx/sdmx_data_1784.xlsx",
          "pdf": "https://api.siat.stat.uz/media/uploads/sdmx/sdmx_data_1784.pdf",
          "csv": "https://api.siat.stat.uz/media/uploads/sdmx/sdmx_data_1784.csv",
          "json": "https://api.siat.stat.uz/media/uploads/sdmx/sdmx_data_1784.json",
          "xml": "https://api.siat.stat.uz/media/uploads/sdmx/sdmx_data_1784.xml"
        }
      },
      {
        "id": "1786",
        "title": "Boshqa xizmat tarmoqlarining o‘sish sur’atlari (choraklik) 24/10/2024",
        "files": {
          "xlsx": "https://api.siat.stat.uz/media/uploads/sdmx/sdmx_data_1786.xlsx",
          "pdf": "https://api.siat.stat.uz/media/uploads/sdmx/sdmx_data_1786.pdf",
          "csv": "https://api.siat.stat.uz/media/uploads/sdmx/sdmx_data_1786.csv",
          "json": "https://api.siat.stat.uz/media/uploads/sdmx/sdmx_data_1786.json",
          "xml": "https://api.siat.stat.uz/media/uploads/sdmx/sdmx_data_1786.xml"
        }
      },
      {
        "id": "1792",
        "title": "Mahsulotlarga sof soliqlarning o‘sish sur’atlari (choraklik) 24/10/2024",
        "files": {
          "xlsx": "https://api.siat.stat.uz/media/uploads/sdmx/sdmx_data_1792.xlsx",
          "pdf": "https://api.siat.stat.uz/media/uploads/sdmx/sdmx_data_1792.pdf",
          "csv": "https://api.siat.stat.uz/media/uploads/sdmx/sdmx_data_1792.csv",
          "json": "https://api.siat.stat.uz/media/uploads/sdmx/sdmx_data_1792.json",
          "xml": "https://api.siat.stat.uz/media/uploads/sdmx/sdmx_data_1792.xml"
        }
      },
      {
        "id": "1794",
        "title": "Yalpi ichki mahsulot deflyator indeksi (choraklik) 24/10/2024",
        "files": {
          "xlsx": "https://api.siat.stat.uz/media/uploads/sdmx/sdmx_data_1794.xlsx",
          "pdf": "https://api.siat.stat.uz/media/uploads/sdmx/sdmx_data_1794.pdf",
          "csv": "https://api.siat.stat.uz/media/uploads/sdmx/sdmx_data_1794.csv",
          "json": "https://api.siat.stat.uz/media/uploads/sdmx/sdmx_data_1794.json",
          "xml": "https://api.siat.stat.uz/media/uploads/sdmx/sdmx_data_1794.xml"
        }
      },
      {
        "id": "1797",
        "title": "Tarmoqlarning deflyator indeksi (choraklik) 24/10/2024",
        "files": {
          "xlsx": "https://api.siat.stat.uz/media/uploads/sdmx/sdmx_data_1797.xlsx",
          "pdf": "https://api.siat.stat.uz/media/uploads/sdmx/sdmx_data_1797.pdf",
          "csv": "https://api.siat.stat.uz/media/uploads/sdmx/sdmx_data_1797.csv",
          "json": "https://api.siat.stat.uz/media/uploads/sdmx/sdmx_data_1797.json",
          "xml": "https://api.siat.stat.uz/media/uploads/sdmx/sdmx_data_1797.xml"
        }
      },
      {
        "id": "1801",
        "title": "Qishloq, o‘rmon va baliqchilik xo‘jaligining deflyator indeksi (choraklik) 24/10/2024",
        "files": {
          "xlsx": "https://api.siat.stat.uz/media/uploads/sdmx/sdmx_data_1801.xlsx",
          "pdf": "https://api.siat.stat.uz/media/uploads/sdmx/sdmx_data_1801.pdf",
          "csv": "https://api.siat.stat.uz/media/uploads/sdmx/sdmx_data_1801.csv",
          "json": "https://api.siat.stat.uz/media/uploads/sdmx/sdmx_data_1801.json",
          "xml": "https://api.siat.stat.uz/media/uploads/sdmx/sdmx_data_1801.xml"
        }
      },
      {
        "id": "1803",
        "title": "Sanoat (qurilishni qo‘shgan holda) deflyator indeksi (choraklik) 24/10/2024",
        "files": {
          "xlsx": "https://api.siat.stat.uz/media/uploads/sdmx/sdmx_data_1803.xlsx",
          "pdf": "https://api.siat.stat.uz/media/uploads/sdmx/sdmx_data_1803.pdf",
          "csv": "https://api.siat.stat.uz/media/uploads/sdmx/sdmx_data_1803.csv",
          "json": "https://api.siat.stat.uz/media/uploads/sdmx/sdmx_data_1803.json",
          "xml": "https://api.siat.stat.uz/media/uploads/sdmx/sdmx_data_1803.xml"
        }
      },
      {
        "id": "1809",
        "title": "Sanoatning deflyator indeksi (choraklik) 24/10/2024",
        "files": {
          "xlsx": "https://api.siat.stat.uz/media/uploads/sdmx/sdmx_data_1809.xlsx",
          "pdf": "https://api.siat.stat.uz/media/uploads/sdmx/sdmx_data_1809.pdf",
          "csv": "https://api.siat.stat.uz/media/uploads/sdmx/sdmx_data_1809.csv",
          "json": "https://api.siat.stat.uz/media/uploads/sdmx/sdmx_data_1809.json",
          "xml": "https://api.siat.stat.uz/media/uploads/sdmx/sdmx_data_1809.xml"
        }
      },
      {
        "id": "1815",
        "title": "Qurilishning deflyator indeksi (choraklik) 24/10/2024",
        "files": {
          "xlsx": "https://api.siat.stat.uz/media/uploads/sdmx/sdmx_data_1815.xlsx",
          "pdf": "https://api.siat.stat.uz/media/uploads/sdmx/sdmx_data_1815.pdf",
          "csv": "https://api.siat.stat.uz/media/uploads/sdmx/sdmx_data_1815.csv",
          "json": "https://api.siat.stat.uz/media/uploads/sdmx/sdmx_data_1815.json",
          "xml": "https://api.siat.stat.uz/media/uploads/sdmx/sdmx_data_1815.xml"
        }
      },
      {
        "id": "1820",
        "title": "Xizmatlar sohasining deflyator indeksi (choraklik) 24/10/2024",
        "files": {
          "xlsx": "https://api.siat.stat.uz/media/uploads/sdmx/sdmx_data_1820.xlsx",
          "pdf": "https://api.siat.stat.uz/media/uploads/sdmx/sdmx_data_1820.pdf",
          "csv": "https://api.siat.stat.uz/media/uploads/sdmx/sdmx_data_1820.csv",
          "json": "https://api.siat.stat.uz/media/uploads/sdmx/sdmx_data_1820.json",
          "xml": "https://api.siat.stat.uz/media/uploads/sdmx/sdmx_data_1820.xml"
        }
      },
      {
        "id": "1825",
        "title": "Savdo, yashash va ovqatlanish bo‘yicha xizmatlarning deflyator indeksi (choraklik) 24/10/2024",
        "files": {
          "xlsx": "https://api.siat.stat.uz/media/uploads/sdmx/sdmx_data_1825.xlsx",
          "pdf": "https://api.siat.stat.uz/media/uploads/sdmx/sdmx_data_1825.pdf",
          "csv": "https://api.siat.stat.uz/media/uploads/sdmx/sdmx_data_1825.csv",
          "json": "https://api.siat.stat.uz/media/uploads/sdmx/sdmx_data_1825.json",
          "xml": "https://api.siat.stat.uz/media/uploads/sdmx/sdmx_data_1825.xml"
        }
      },
      {
        "id": "1829",
        "title": "Tashish va saqlash, axborot va aloqa xizmatlarining deflyator indeksi (choraklik) 24/10/2024",
        "files": {
          "xlsx": "https://api.siat.stat.uz/media/uploads/sdmx/sdmx_data_1829.xlsx",
          "pdf": "https://api.siat.stat.uz/media/uploads/sdmx/sdmx_data_1829.pdf",
          "csv": "https://api.siat.stat.uz/media/uploads/sdmx/sdmx_data_1829.csv",
          "json": "https://api.siat.stat.uz/media/uploads/sdmx/sdmx_data_1829.json",
          "xml": "https://api.siat.stat.uz/media/uploads/sdmx/sdmx_data_1829.xml"
        }
      },
      {
        "id": "1834",
        "title": "Boshqa xizmat tarmoqlarining deflyator indeksi (choraklik) 24/10/2024",
        "files": {
          "xlsx": "https://api.siat.stat.uz/media/uploads/sdmx/sdmx_data_1834.xlsx",
          "pdf": "https://api.siat.stat.uz/media/uploads/sdmx/sdmx_data_1834.pdf",
          "csv": "https://api.siat.stat.uz/media/uploads/sdmx/sdmx_data_1834.csv",
          "json": "https://api.siat.stat.uz/media/uploads/sdmx/sdmx_data_1834.json",
          "xml": "https://api.siat.stat.uz/media/uploads/sdmx/sdmx_data_1834.xml"
        }
      },
      {
        "id": "1837",
        "title": "Mahsulotlarga sof soliqlarning deflyator indeksi (choraklik) 24/10/2024",
        "files": {
          "xlsx": "https://api.siat.stat.uz/media/uploads/sdmx/sdmx_data_1837.xlsx",
          "pdf": "https://api.siat.stat.uz/media/uploads/sdmx/sdmx_data_1837.pdf",
          "csv": "https://api.siat.stat.uz/media/uploads/sdmx/sdmx_data_1837.csv",
          "json": "https://api.siat.stat.uz/media/uploads/sdmx/sdmx_data_1837.json",
          "xml": "https://api.siat.stat.uz/media/uploads/sdmx/sdmx_data_1837.xml"
        }
      },
      {
        "id": "1840",
        "title": "Kichik biznes va xususiy tadbirkorlikning yalpi ichki mahsulotdagi ulushi 09/07/2024",
        "files": {
          "xlsx": "https://api.siat.stat.uz/media/uploads/sdmx/sdmx_data_1840.xlsx",
          "pdf": "https://api.siat.stat.uz/media/uploads/sdmx/sdmx_data_1840.pdf",
          "csv": "https://api.siat.stat.uz/media/uploads/sdmx/sdmx_data_1840.csv",
          "json": "https://api.siat.stat.uz/media/uploads/sdmx/sdmx_data_1840.json",
          "xml": "https://api.siat.stat.uz/media/uploads/sdmx/sdmx_data_1840.xml"
        }
      },
      {
        "id": "1857",
        "title": "Yalpi (ichki) hududiy mahsulotning o‘sish sur’atlari (choraklik) 24/10/2024",
        "files": {
          "xlsx": "https://api.siat.stat.uz/media/uploads/sdmx/sdmx_data_1857.xlsx",
          "pdf": "https://api.siat.stat.uz/media/uploads/sdmx/sdmx_data_1857.pdf",
          "csv": "https://api.siat.stat.uz/media/uploads/sdmx/sdmx_data_1857.csv",
          "json": "https://api.siat.stat.uz/media/uploads/sdmx/sdmx_data_1857.json",
          "xml": "https://api.siat.stat.uz/media/uploads/sdmx/sdmx_data_1857.xml"
        }
      },
      {
        "id": "1861",
        "title": "Tarmoqlarning yalpi qo‘shilgan qiymati o‘sish sur’atlari (choraklik) 24/10/2024",
        "files": {
          "xlsx": "https://api.siat.stat.uz/media/uploads/sdmx/sdmx_data_1861.xlsx",
          "pdf": "https://api.siat.stat.uz/media/uploads/sdmx/sdmx_data_1861.pdf",
          "csv": "https://api.siat.stat.uz/media/uploads/sdmx/sdmx_data_1861.csv",
          "json": "https://api.siat.stat.uz/media/uploads/sdmx/sdmx_data_1861.json",
          "xml": "https://api.siat.stat.uz/media/uploads/sdmx/sdmx_data_1861.xml"
        }
      },
      {
        "id": "1869",
        "title": "Qishloq, o‘rmon va baliqchilik xo‘jaligining o‘sish sur’atlari (choraklik) 24/10/2024",
        "files": {
          "xlsx": "https://api.siat.stat.uz/media/uploads/sdmx/sdmx_data_1869.xlsx",
          "pdf": "https://api.siat.stat.uz/media/uploads/sdmx/sdmx_data_1869.pdf",
          "csv": "https://api.siat.stat.uz/media/uploads/sdmx/sdmx_data_1869.csv",
          "json": "https://api.siat.stat.uz/media/uploads/sdmx/sdmx_data_1869.json",
          "xml": "https://api.siat.stat.uz/media/uploads/sdmx/sdmx_data_1869.xml"
        }
      },
      {
        "id": "1870",
        "title": "Sanoatning (qurilishni qo‘shgan holda) o‘sish sur’ati (choraklik) 24/10/2024",
        "files": {
          "xlsx": "https://api.siat.stat.uz/media/uploads/sdmx/sdmx_data_1870.xlsx",
          "pdf": "https://api.siat.stat.uz/media/uploads/sdmx/sdmx_data_1870.pdf",
          "csv": "https://api.siat.stat.uz/media/uploads/sdmx/sdmx_data_1870.csv",
          "json": "https://api.siat.stat.uz/media/uploads/sdmx/sdmx_data_1870.json",
          "xml": "https://api.siat.stat.uz/media/uploads/sdmx/sdmx_data_1870.xml"
        }
      },
      {
        "id": "1871",
        "title": "Sanoatning o‘sish sur’atlari (choraklik) 24/10/2024",
        "files": {
          "xlsx": "https://api.siat.stat.uz/media/uploads/sdmx/sdmx_data_1871.xlsx",
          "pdf": "https://api.siat.stat.uz/media/uploads/sdmx/sdmx_data_1871.pdf",
          "csv": "https://api.siat.stat.uz/media/uploads/sdmx/sdmx_data_1871.csv",
          "json": "https://api.siat.stat.uz/media/uploads/sdmx/sdmx_data_1871.json",
          "xml": "https://api.siat.stat.uz/media/uploads/sdmx/sdmx_data_1871.xml"
        }
      },
      {
        "id": "2757",
        "title": "Xodimlar ish haqining YaIMdagi ulushi 29/05/2024",
        "files": {
          "xlsx": "https://api.siat.stat.uz/media/uploads/sdmx/sdmx_data_2757.xlsx",
          "pdf": "https://api.siat.stat.uz/media/uploads/sdmx/sdmx_data_2757.pdf",
          "csv": "https://api.siat.stat.uz/media/uploads/sdmx/sdmx_data_2757.csv",
          "json": "https://api.siat.stat.uz/media/uploads/sdmx/sdmx_data_2757.json",
          "xml": "https://api.siat.stat.uz/media/uploads/sdmx/sdmx_data_2757.xml"
        }
      },
      {
        "id": "2758",
        "title": "Ishlab chiqarish va importga sof soliqlarning YaIMdagi ulushi 29/05/2024",
        "files": {
          "xlsx": "https://api.siat.stat.uz/media/uploads/sdmx/sdmx_data_2758.xlsx",
          "pdf": "https://api.siat.stat.uz/media/uploads/sdmx/sdmx_data_2758.pdf",
          "csv": "https://api.siat.stat.uz/media/uploads/sdmx/sdmx_data_2758.csv",
          "json": "https://api.siat.stat.uz/media/uploads/sdmx/sdmx_data_2758.json",
          "xml": "https://api.siat.stat.uz/media/uploads/sdmx/sdmx_data_2758.xml"
        }
      },
      {
        "id": "2759",
        "title": "Yalpi foyda va yalpi aralash daromadning YaIMdagi ulushi 29/05/2024",
        "files": {
          "xlsx": "https://api.siat.stat.uz/media/uploads/sdmx/sdmx_data_2759.xlsx",
          "pdf": "https://api.siat.stat.uz/media/uploads/sdmx/sdmx_data_2759.pdf",
          "csv": "https://api.siat.stat.uz/media/uploads/sdmx/sdmx_data_2759.csv",
          "json": "https://api.siat.stat.uz/media/uploads/sdmx/sdmx_data_2759.json",
          "xml": "https://api.siat.stat.uz/media/uploads/sdmx/sdmx_data_2759.xml"
        }
      },
      {
        "id": "3104",
        "title": "Yalpi ichki mahsulot (yakuniy iste’mol usulida, joriy narxlarda, choraklik) 07/01/2025",
        "files": {
          "xlsx": "https://api.siat.stat.uz/media/uploads/sdmx/sdmx_data_3104.xlsx",
          "pdf": "https://api.siat.stat.uz/media/uploads/sdmx/sdmx_data_3104.pdf",
          "csv": "https://api.siat.stat.uz/media/uploads/sdmx/sdmx_data_3104.csv",
          "json": "https://api.siat.stat.uz/media/uploads/sdmx/sdmx_data_3104.json",
          "xml": "https://api.siat.stat.uz/media/uploads/sdmx/sdmx_data_3104.xml"
        }
      },
      {
        "id": "3105",
        "title": "Yakuniy iste’mol хarajatlari (joriy narxlarda, choraklik) 07/01/2025",
        "files": {
          "xlsx": "https://api.siat.stat.uz/media/uploads/sdmx/sdmx_data_3105.xlsx",
          "pdf": "https://api.siat.stat.uz/media/uploads/sdmx/sdmx_data_3105.pdf",
          "csv": "https://api.siat.stat.uz/media/uploads/sdmx/sdmx_data_3105.csv",
          "json": "https://api.siat.stat.uz/media/uploads/sdmx/sdmx_data_3105.json",
          "xml": "https://api.siat.stat.uz/media/uploads/sdmx/sdmx_data_3105.xml"
        }
      },
      {
        "id": "3106",
        "title": "Uy xo‘jaliklarining yakuniy iste’mol xarajatlari (joriy narxlarda, choraklik) 07/01/2025",
        "files": {
          "xlsx": "https://api.siat.stat.uz/media/uploads/sdmx/sdmx_data_3106.xlsx",
          "pdf": "https://api.siat.stat.uz/media/uploads/sdmx/sdmx_data_3106.pdf",
          "csv": "https://api.siat.stat.uz/media/uploads/sdmx/sdmx_data_3106.csv",
          "json": "https://api.siat.stat.uz/media/uploads/sdmx/sdmx_data_3106.json",
          "xml": "https://api.siat.stat.uz/media/uploads/sdmx/sdmx_data_3106.xml"
        }
      },
      {
        "id": "3107",
        "title": "Davlat boshqaruvi organlarining yakuniy iste’mol xarajatlari (joriy narxlarda, choraklik) 07/01/2025",
        "files": {
          "xlsx": "https://api.siat.stat.uz/media/uploads/sdmx/sdmx_data_3107.xlsx",
          "pdf": "https://api.siat.stat.uz/media/uploads/sdmx/sdmx_data_3107.pdf",
          "csv": "https://api.siat.stat.uz/media/uploads/sdmx/sdmx_data_3107.csv",
          "json": "https://api.siat.stat.uz/media/uploads/sdmx/sdmx_data_3107.json",
          "xml": "https://api.siat.stat.uz/media/uploads/sdmx/sdmx_data_3107.xml"
        }
      },
      {
        "id": "3108",
        "title": "Uy xo‘jaliklariga xizmat ko‘rsatuvchi notijorat tashkilotlarining yakuniy iste’mol xarajatlari (joriy narxlarda, choraklik) 07/01/2025",
        "files": {
          "xlsx": "https://api.siat.stat.uz/media/uploads/sdmx/sdmx_data_3108.xlsx",
          "pdf": "https://api.siat.stat.uz/media/uploads/sdmx/sdmx_data_3108.pdf",
          "csv": "https://api.siat.stat.uz/media/uploads/sdmx/sdmx_data_3108.csv",
          "json": "https://api.siat.stat.uz/media/uploads/sdmx/sdmx_data_3108.json",
          "xml": "https://api.siat.stat.uz/media/uploads/sdmx/sdmx_data_3108.xml"
        }
      },
      {
        "id": "3109",
        "title": "Yalpi jamg‘arish (joriy narxlarda, choraklik) 07/01/2025",
        "files": {
          "xlsx": "https://api.siat.stat.uz/media/uploads/sdmx/sdmx_data_3109.xlsx",
          "pdf": "https://api.siat.stat.uz/media/uploads/sdmx/sdmx_data_3109.pdf",
          "csv": "https://api.siat.stat.uz/media/uploads/sdmx/sdmx_data_3109.csv",
          "json": "https://api.siat.stat.uz/media/uploads/sdmx/sdmx_data_3109.json",
          "xml": "https://api.siat.stat.uz/media/uploads/sdmx/sdmx_data_3109.xml"
        }
      },
      {
        "id": "3110",
        "title": "Asosiy kapitalning yalpi jamg‘arilishi (joriy narxlarda, choraklik) 07/01/2025",
        "files": {
          "xlsx": "https://api.siat.stat.uz/media/uploads/sdmx/sdmx_data_3110.xlsx",
          "pdf": "https://api.siat.stat.uz/media/uploads/sdmx/sdmx_data_3110.pdf",
          "csv": "https://api.siat.stat.uz/media/uploads/sdmx/sdmx_data_3110.csv",
          "json": "https://api.siat.stat.uz/media/uploads/sdmx/sdmx_data_3110.json",
          "xml": "https://api.siat.stat.uz/media/uploads/sdmx/sdmx_data_3110.xml"
        }
      },
      {
        "id": "3111",
        "title": "Moddiy aylanma vositalari zaxirasining o‘zgarishi (joriy narxlarda, choraklik) 07/01/2025",
        "files": {
          "xlsx": "https://api.siat.stat.uz/media/uploads/sdmx/sdmx_data_3111.xlsx",
          "pdf": "https://api.siat.stat.uz/media/uploads/sdmx/sdmx_data_3111.pdf",
          "csv": "https://api.siat.stat.uz/media/uploads/sdmx/sdmx_data_3111.csv",
          "json": "https://api.siat.stat.uz/media/uploads/sdmx/sdmx_data_3111.json",
          "xml": "https://api.siat.stat.uz/media/uploads/sdmx/sdmx_data_3111.xml"
        }
      },
      {
        "id": "3112",
        "title": "Tovarlar va xizmatlar eksporti (joriy narxlarda, choraklik) 07/01/2025",
        "files": {
          "xlsx": "https://api.siat.stat.uz/media/uploads/sdmx/sdmx_data_3112.xlsx",
          "pdf": "https://api.siat.stat.uz/media/uploads/sdmx/sdmx_data_3112.pdf",
          "csv": "https://api.siat.stat.uz/media/uploads/sdmx/sdmx_data_3112.csv",
          "json": "https://api.siat.stat.uz/media/uploads/sdmx/sdmx_data_3112.json",
          "xml": "https://api.siat.stat.uz/media/uploads/sdmx/sdmx_data_3112.xml"
        }
      },
      {
        "id": "3113",
        "title": "Tovarlar va xizmatlar importi (joriy narxlarda, choraklik) 07/01/2025",
        "files": {
          "xlsx": "https://api.siat.stat.uz/media/uploads/sdmx/sdmx_data_3113.xlsx",
          "pdf": "https://api.siat.stat.uz/media/uploads/sdmx/sdmx_data_3113.pdf",
          "csv": "https://api.siat.stat.uz/media/uploads/sdmx/sdmx_data_3113.csv",
          "json": "https://api.siat.stat.uz/media/uploads/sdmx/sdmx_data_3113.json",
          "xml": "https://api.siat.stat.uz/media/uploads/sdmx/sdmx_data_3113.xml"
        }
      },
      {
        "id": "3114",
        "title": "Yalpi ichki mahsulot (yakuniy iste’mol usulida, doimiy narxlarda, choraklik) 07/01/2025",
        "files": {
          "xlsx": "https://api.siat.stat.uz/media/uploads/sdmx/sdmx_data_3114.xlsx",
          "pdf": "https://api.siat.stat.uz/media/uploads/sdmx/sdmx_data_3114.pdf",
          "csv": "https://api.siat.stat.uz/media/uploads/sdmx/sdmx_data_3114.csv",
          "json": "https://api.siat.stat.uz/media/uploads/sdmx/sdmx_data_3114.json",
          "xml": "https://api.siat.stat.uz/media/uploads/sdmx/sdmx_data_3114.xml"
        }
      },
      {
        "id": "3115",
        "title": "Yakuniy iste’mol хarajatlari (doimiy narxlarda, choraklik) 07/01/2025",
        "files": {
          "xlsx": "https://api.siat.stat.uz/media/uploads/sdmx/sdmx_data_3115.xlsx",
          "pdf": "https://api.siat.stat.uz/media/uploads/sdmx/sdmx_data_3115.pdf",
          "csv": "https://api.siat.stat.uz/media/uploads/sdmx/sdmx_data_3115.csv",
          "json": "https://api.siat.stat.uz/media/uploads/sdmx/sdmx_data_3115.json",
          "xml": "https://api.siat.stat.uz/media/uploads/sdmx/sdmx_data_3115.xml"
        }
      },
      {
        "id": "3116",
        "title": "Uy xo‘jaliklarining yakuniy iste’mol xarajatlari (doimiy narxlarda, choraklik) 07/01/2025",
        "files": {
          "xlsx": "https://api.siat.stat.uz/media/uploads/sdmx/sdmx_data_3116.xlsx",
          "pdf": "https://api.siat.stat.uz/media/uploads/sdmx/sdmx_data_3116.pdf",
          "csv": "https://api.siat.stat.uz/media/uploads/sdmx/sdmx_data_3116.csv",
          "json": "https://api.siat.stat.uz/media/uploads/sdmx/sdmx_data_3116.json",
          "xml": "https://api.siat.stat.uz/media/uploads/sdmx/sdmx_data_3116.xml"
        }
      },
      {
        "id": "3117",
        "title": "Davlat boshqaruvi organlarining yakuniy iste’mol xarajatlari (doimiy narxlarda, choraklik) 07/01/2025",
        "files": {
          "xlsx": "https://api.siat.stat.uz/media/uploads/sdmx/sdmx_data_3117.xlsx",
          "pdf": "https://api.siat.stat.uz/media/uploads/sdmx/sdmx_data_3117.pdf",
          "csv": "https://api.siat.stat.uz/media/uploads/sdmx/sdmx_data_3117.csv",
          "json": "https://api.siat.stat.uz/media/uploads/sdmx/sdmx_data_3117.json",
          "xml": "https://api.siat.stat.uz/media/uploads/sdmx/sdmx_data_3117.xml"
        }
      },
      {
        "id": "3118",
        "title": "Uy xo‘jaliklariga xizmat ko‘rsatuvchi notijorat tashkilotlarining yakuniy iste’mol xarajatlari (doimiy narxlarda, choraklik) 07/01/2025",
        "files": {
          "xlsx": "https://api.siat.stat.uz/media/uploads/sdmx/sdmx_data_3118.xlsx",
          "pdf": "https://api.siat.stat.uz/media/uploads/sdmx/sdmx_data_3118.pdf",
          "csv": "https://api.siat.stat.uz/media/uploads/sdmx/sdmx_data_3118.csv",
          "json": "https://api.siat.stat.uz/media/uploads/sdmx/sdmx_data_3118.json",
          "xml": "https://api.siat.stat.uz/media/uploads/sdmx/sdmx_data_3118.xml"
        }
      },
      {
        "id": "3119",
        "title": "Asosiy kapitalning yalpi jamg‘arilishi (doimiy narxlarda, choraklik) 07/01/2025",
        "files": {
          "xlsx": "https://api.siat.stat.uz/media/uploads/sdmx/sdmx_data_3119.xlsx",
          "pdf": "https://api.siat.stat.uz/media/uploads/sdmx/sdmx_data_3119.pdf",
          "csv": "https://api.siat.stat.uz/media/uploads/sdmx/sdmx_data_3119.csv",
          "json": "https://api.siat.stat.uz/media/uploads/sdmx/sdmx_data_3119.json",
          "xml": "https://api.siat.stat.uz/media/uploads/sdmx/sdmx_data_3119.xml"
        }
      },
      {
        "id": "3120",
        "title": "Tovarlar va xizmatlar eksporti (doimiy narxlarda, choraklik) 07/01/2025",
        "files": {
          "xlsx": "https://api.siat.stat.uz/media/uploads/sdmx/sdmx_data_3120.xlsx",
          "pdf": "https://api.siat.stat.uz/media/uploads/sdmx/sdmx_data_3120.pdf",
          "csv": "https://api.siat.stat.uz/media/uploads/sdmx/sdmx_data_3120.csv",
          "json": "https://api.siat.stat.uz/media/uploads/sdmx/sdmx_data_3120.json",
          "xml": "https://api.siat.stat.uz/media/uploads/sdmx/sdmx_data_3120.xml"
        }
      },
      {
        "id": "3121",
        "title": "Tovarlar va xizmatlar importi (doimiy narxlarda, choraklik) 07/01/2025",
        "files": {
          "xlsx": "https://api.siat.stat.uz/media/uploads/sdmx/sdmx_data_3121.xlsx",
          "pdf": "https://api.siat.stat.uz/media/uploads/sdmx/sdmx_data_3121.pdf",
          "csv": "https://api.siat.stat.uz/media/uploads/sdmx/sdmx_data_3121.csv",
          "json": "https://api.siat.stat.uz/media/uploads/sdmx/sdmx_data_3121.json",
          "xml": "https://api.siat.stat.uz/media/uploads/sdmx/sdmx_data_3121.xml"
        }
      },
      {
        "id": "3122",
        "title": "Yalpi ichki mahsulot o‘sish sur’atlari (yakuniy iste’mol usulida, choraklik) 07/01/2025",
        "files": {
          "xlsx": "https://api.siat.stat.uz/media/uploads/sdmx/sdmx_data_3122.xlsx",
          "pdf": "https://api.siat.stat.uz/media/uploads/sdmx/sdmx_data_3122.pdf",
          "csv": "https://api.siat.stat.uz/media/uploads/sdmx/sdmx_data_3122.csv",
          "json": "https://api.siat.stat.uz/media/uploads/sdmx/sdmx_data_3122.json",
          "xml": "https://api.siat.stat.uz/media/uploads/sdmx/sdmx_data_3122.xml"
        }
      },
      {
        "id": "3123",
        "title": "Yakuniy iste’mol хarajatlarining o‘sish sur’atlari (choraklik) 07/01/2025",
        "files": {
          "xlsx": "https://api.siat.stat.uz/media/uploads/sdmx/sdmx_data_3123.xlsx",
          "pdf": "https://api.siat.stat.uz/media/uploads/sdmx/sdmx_data_3123.pdf",
          "csv": "https://api.siat.stat.uz/media/uploads/sdmx/sdmx_data_3123.csv",
          "json": "https://api.siat.stat.uz/media/uploads/sdmx/sdmx_data_3123.json",
          "xml": "https://api.siat.stat.uz/media/uploads/sdmx/sdmx_data_3123.xml"
        }
      },
      {
        "id": "3124",
        "title": "Uy xo‘jaliklarining yakuniy iste’mol xarajatlari o‘sish sur’atlari (choraklik) 07/01/2025",
        "files": {
          "xlsx": "https://api.siat.stat.uz/media/uploads/sdmx/sdmx_data_3124.xlsx",
          "pdf": "https://api.siat.stat.uz/media/uploads/sdmx/sdmx_data_3124.pdf",
          "csv": "https://api.siat.stat.uz/media/uploads/sdmx/sdmx_data_3124.csv",
          "json": "https://api.siat.stat.uz/media/uploads/sdmx/sdmx_data_3124.json",
          "xml": "https://api.siat.stat.uz/media/uploads/sdmx/sdmx_data_3124.xml"
        }
      },
      {
        "id": "3125",
        "title": "Davlat boshqaruvi organlarining yakuniy iste’mol xarajatlari o‘sish sur’atlari (choraklik) 07/01/2025",
        "files": {
          "xlsx": "https://api.siat.stat.uz/media/uploads/sdmx/sdmx_data_3125.xlsx",
          "pdf": "https://api.siat.stat.uz/media/uploads/sdmx/sdmx_data_3125.pdf",
          "csv": "https://api.siat.stat.uz/media/uploads/sdmx/sdmx_data_3125.csv",
          "json": "https://api.siat.stat.uz/media/uploads/sdmx/sdmx_data_3125.json",
          "xml": "https://api.siat.stat.uz/media/uploads/sdmx/sdmx_data_3125.xml"
        }
      },
      {
        "id": "3126",
        "title": "Uy xo‘jaliklariga xizmat ko‘rsatuvchi notijorat tashkilotlarining yakuniy iste’mol xarajatlari o‘sish sur’atlari (choraklik) 07/01/2025",
        "files": {
          "xlsx": "https://api.siat.stat.uz/media/uploads/sdmx/sdmx_data_3126.xlsx",
          "pdf": "https://api.siat.stat.uz/media/uploads/sdmx/sdmx_data_3126.pdf",
          "csv": "https://api.siat.stat.uz/media/uploads/sdmx/sdmx_data_3126.csv",
          "json": "https://api.siat.stat.uz/media/uploads/sdmx/sdmx_data_3126.json",
          "xml": "https://api.siat.stat.uz/media/uploads/sdmx/sdmx_data_3126.xml"
        }
      },
      {
        "id": "3127",
        "title": "Asosiy kapitalning yalpi jamg‘arilishi o‘sish sur’atlari (choraklik) 07/01/2025",
        "files": {
          "xlsx": "https://api.siat.stat.uz/media/uploads/sdmx/sdmx_data_3127.xlsx",
          "pdf": "https://api.siat.stat.uz/media/uploads/sdmx/sdmx_data_3127.pdf",
          "csv": "https://api.siat.stat.uz/media/uploads/sdmx/sdmx_data_3127.csv",
          "json": "https://api.siat.stat.uz/media/uploads/sdmx/sdmx_data_3127.json",
          "xml": "https://api.siat.stat.uz/media/uploads/sdmx/sdmx_data_3127.xml"
        }
      },
      {
        "id": "3128",
        "title": "Tovarlar va xizmatlar eksporti o‘sish sur’atlari (choraklik) 07/01/2025",
        "files": {
          "xlsx": "https://api.siat.stat.uz/media/uploads/sdmx/sdmx_data_3128.xlsx",
          "pdf": "https://api.siat.stat.uz/media/uploads/sdmx/sdmx_data_3128.pdf",
          "csv": "https://api.siat.stat.uz/media/uploads/sdmx/sdmx_data_3128.csv",
          "json": "https://api.siat.stat.uz/media/uploads/sdmx/sdmx_data_3128.json",
          "xml": "https://api.siat.stat.uz/media/uploads/sdmx/sdmx_data_3128.xml"
        }
      },
      {
        "id": "3129",
        "title": "Tovarlar va xizmatlar importi o‘sish sur’atlari (choraklik) 07/01/2025",
        "files": {
          "xlsx": "https://api.siat.stat.uz/media/uploads/sdmx/sdmx_data_3129.xlsx",
          "pdf": "https://api.siat.stat.uz/media/uploads/sdmx/sdmx_data_3129.pdf",
          "csv": "https://api.siat.stat.uz/media/uploads/sdmx/sdmx_data_3129.csv",
          "json": "https://api.siat.stat.uz/media/uploads/sdmx/sdmx_data_3129.json",
          "xml": "https://api.siat.stat.uz/media/uploads/sdmx/sdmx_data_3129.xml"
        }
      },
      {
        "id": "3312",
        "title": "Kirishga oid turizm iste’moli - jami 01/05/2024",
        "files": {
          "xlsx": "https://api.siat.stat.uz/media/uploads/sdmx/sdmx_data_3312.xlsx",
          "pdf": "https://api.siat.stat.uz/media/uploads/sdmx/sdmx_data_3312.pdf",
          "csv": "https://api.siat.stat.uz/media/uploads/sdmx/sdmx_data_3312.csv",
          "json": "https://api.siat.stat.uz/media/uploads/sdmx/sdmx_data_3312.json",
          "xml": "https://api.siat.stat.uz/media/uploads/sdmx/sdmx_data_3312.xml"
        }
      },
      {
        "id": "3313",
        "title": "Kirishga oid turizm iste’moli 02/04/2024",
        "files": {
          "xlsx": "https://api.siat.stat.uz/media/uploads/sdmx/sdmx_data_3313.xlsx",
          "pdf": "https://api.siat.stat.uz/media/uploads/sdmx/sdmx_data_3313.pdf",
          "csv": "https://api.siat.stat.uz/media/uploads/sdmx/sdmx_data_3313.csv",
          "json": "https://api.siat.stat.uz/media/uploads/sdmx/sdmx_data_3313.json",
          "xml": "https://api.siat.stat.uz/media/uploads/sdmx/sdmx_data_3313.xml"
        }
      },
      {
        "id": "3314",
        "title": "Ichki turizmga oid xarajatlar (tashriflarning barcha turlari bo‘yicha) - jami 02/04/2024",
        "files": {
          "xlsx": "https://api.siat.stat.uz/media/uploads/sdmx/sdmx_data_3314.xlsx",
          "pdf": "https://api.siat.stat.uz/media/uploads/sdmx/sdmx_data_3314.pdf",
          "csv": "https://api.siat.stat.uz/media/uploads/sdmx/sdmx_data_3314.csv",
          "json": "https://api.siat.stat.uz/media/uploads/sdmx/sdmx_data_3314.json",
          "xml": "https://api.siat.stat.uz/media/uploads/sdmx/sdmx_data_3314.xml"
        }
      },
      {
        "id": "3315",
        "title": "Ichki turizmga oid xarajatlar (tashriflarning barcha turlari bo‘yicha) 02/04/2024",
        "files": {
          "xlsx": "https://api.siat.stat.uz/media/uploads/sdmx/sdmx_data_3315.xlsx",
          "pdf": "https://api.siat.stat.uz/media/uploads/sdmx/sdmx_data_3315.pdf",
          "csv": "https://api.siat.stat.uz/media/uploads/sdmx/sdmx_data_3315.csv",
          "json": "https://api.siat.stat.uz/media/uploads/sdmx/sdmx_data_3315.json",
          "xml": "https://api.siat.stat.uz/media/uploads/sdmx/sdmx_data_3315.xml"
        }
      },
      {
        "id": "3316",
        "title": "Chiqishga oid turizm xarajatlari - jami 02/04/2024",
        "files": {
          "xlsx": "https://api.siat.stat.uz/media/uploads/sdmx/sdmx_data_3316.xlsx",
          "pdf": "https://api.siat.stat.uz/media/uploads/sdmx/sdmx_data_3316.pdf",
          "csv": "https://api.siat.stat.uz/media/uploads/sdmx/sdmx_data_3316.csv",
          "json": "https://api.siat.stat.uz/media/uploads/sdmx/sdmx_data_3316.json",
          "xml": "https://api.siat.stat.uz/media/uploads/sdmx/sdmx_data_3316.xml"
        }
      },
      {
        "id": "3317",
        "title": "Chiqishga oid turizm xarajatlari 02/04/2024",
        "files": {
          "xlsx": "https://api.siat.stat.uz/media/uploads/sdmx/sdmx_data_3317.xlsx",
          "pdf": "https://api.siat.stat.uz/media/uploads/sdmx/sdmx_data_3317.pdf",
          "csv": "https://api.siat.stat.uz/media/uploads/sdmx/sdmx_data_3317.csv",
          "json": "https://api.siat.stat.uz/media/uploads/sdmx/sdmx_data_3317.json",
          "xml": "https://api.siat.stat.uz/media/uploads/sdmx/sdmx_data_3317.xml"
        }
      },
      {
        "id": "3318",
        "title": "Mamlakat ichidagi turizm iste’moli - jami 02/04/2024",
        "files": {
          "xlsx": "https://api.siat.stat.uz/media/uploads/sdmx/sdmx_data_3318.xlsx",
          "pdf": "https://api.siat.stat.uz/media/uploads/sdmx/sdmx_data_3318.pdf",
          "csv": "https://api.siat.stat.uz/media/uploads/sdmx/sdmx_data_3318.csv",
          "json": "https://api.siat.stat.uz/media/uploads/sdmx/sdmx_data_3318.json",
          "xml": "https://api.siat.stat.uz/media/uploads/sdmx/sdmx_data_3318.xml"
        }
      },
      {
        "id": "3319",
        "title": "Mamlakat ichidagi turizm iste’moli 02/04/2024",
        "files": {
          "xlsx": "https://api.siat.stat.uz/media/uploads/sdmx/sdmx_data_3319.xlsx",
          "pdf": "https://api.siat.stat.uz/media/uploads/sdmx/sdmx_data_3319.pdf",
          "csv": "https://api.siat.stat.uz/media/uploads/sdmx/sdmx_data_3319.csv",
          "json": "https://api.siat.stat.uz/media/uploads/sdmx/sdmx_data_3319.json",
          "xml": "https://api.siat.stat.uz/media/uploads/sdmx/sdmx_data_3319.xml"
        }
      },
      {
        "id": "3320",
        "title": "Turizm tarmog‘i va boshqa tarmoqlarda ishlab chiqarish hisobi (turizm tarmoqlari) - jami 02/04/2024",
        "files": {
          "xlsx": "https://api.siat.stat.uz/media/uploads/sdmx/sdmx_data_3320.xlsx",
          "pdf": "https://api.siat.stat.uz/media/uploads/sdmx/sdmx_data_3320.pdf",
          "csv": "https://api.siat.stat.uz/media/uploads/sdmx/sdmx_data_3320.csv",
          "json": "https://api.siat.stat.uz/media/uploads/sdmx/sdmx_data_3320.json",
          "xml": "https://api.siat.stat.uz/media/uploads/sdmx/sdmx_data_3320.xml"
        }
      },
      {
        "id": "3321",
        "title": "Turizm tarmog‘i va boshqa tarmoqlarda ishlab chiqarish hisobi (turizm tarmoqlari) 02/04/2024",
        "files": {
          "xlsx": "https://api.siat.stat.uz/media/uploads/sdmx/sdmx_data_3321.xlsx",
          "pdf": "https://api.siat.stat.uz/media/uploads/sdmx/sdmx_data_3321.pdf",
          "csv": "https://api.siat.stat.uz/media/uploads/sdmx/sdmx_data_3321.csv",
          "json": "https://api.siat.stat.uz/media/uploads/sdmx/sdmx_data_3321.json",
          "xml": "https://api.siat.stat.uz/media/uploads/sdmx/sdmx_data_3321.xml"
        }
      },
      {
        "id": "3322",
        "title": "Turizm tarmog‘i va boshqa tarmoqlarda ishlab chiqarish hisobi (boshqa tarmoqlar) - jami 02/04/2024",
        "files": {
          "xlsx": "https://api.siat.stat.uz/media/uploads/sdmx/sdmx_data_3322.xlsx",
          "pdf": "https://api.siat.stat.uz/media/uploads/sdmx/sdmx_data_3322.pdf",
          "csv": "https://api.siat.stat.uz/media/uploads/sdmx/sdmx_data_3322.csv",
          "json": "https://api.siat.stat.uz/media/uploads/sdmx/sdmx_data_3322.json",
          "xml": "https://api.siat.stat.uz/media/uploads/sdmx/sdmx_data_3322.xml"
        }
      },
      {
        "id": "3323",
        "title": "Turizm tarmog‘i va boshqa tarmoqlarda ishlab chiqarish hisobi (boshqa tarmoqlar) 02/04/2024",
        "files": {
          "xlsx": "https://api.siat.stat.uz/media/uploads/sdmx/sdmx_data_3323.xlsx",
          "pdf": "https://api.siat.stat.uz/media/uploads/sdmx/sdmx_data_3323.pdf",
          "csv": "https://api.siat.stat.uz/media/uploads/sdmx/sdmx_data_3323.csv",
          "json": "https://api.siat.stat.uz/media/uploads/sdmx/sdmx_data_3323.json",
          "xml": "https://api.siat.stat.uz/media/uploads/sdmx/sdmx_data_3323.xml"
        }
      },
      {
        "id": "3324",
        "title": "Turizm tarmog‘i va boshqa tarmoqlarda ishlab chiqarish hisobi (ichki ishlab chiqaruvchilarning ishlab chiqargan mahsulotlari) - jami 02/04/2024",
        "files": {
          "xlsx": "https://api.siat.stat.uz/media/uploads/sdmx/sdmx_data_3324.xlsx",
          "pdf": "https://api.siat.stat.uz/media/uploads/sdmx/sdmx_data_3324.pdf",
          "csv": "https://api.siat.stat.uz/media/uploads/sdmx/sdmx_data_3324.csv",
          "json": "https://api.siat.stat.uz/media/uploads/sdmx/sdmx_data_3324.json",
          "xml": "https://api.siat.stat.uz/media/uploads/sdmx/sdmx_data_3324.xml"
        }
      },
      {
        "id": "3325",
        "title": "Turizm tarmog‘i va boshqa tarmoqlarda ishlab chiqarish hisobi (ichki ishlab chiqaruvchilarning ishlab chiqargan mahsulotlari) 02/04/2024",
        "files": {
          "xlsx": "https://api.siat.stat.uz/media/uploads/sdmx/sdmx_data_3325.xlsx",
          "pdf": "https://api.siat.stat.uz/media/uploads/sdmx/sdmx_data_3325.pdf",
          "csv": "https://api.siat.stat.uz/media/uploads/sdmx/sdmx_data_3325.csv",
          "json": "https://api.siat.stat.uz/media/uploads/sdmx/sdmx_data_3325.json",
          "xml": "https://api.siat.stat.uz/media/uploads/sdmx/sdmx_data_3325.xml"
        }
      },
      {
        "id": "3326",
        "title": "Mamlakat ichidagi to‘g‘ridan-to‘g‘ri turizm taklifi (turizm tarmoqlari) - jami 02/04/2024",
        "files": {
          "xlsx": "https://api.siat.stat.uz/media/uploads/sdmx/sdmx_data_3326.xlsx",
          "pdf": "https://api.siat.stat.uz/media/uploads/sdmx/sdmx_data_3326.pdf",
          "csv": "https://api.siat.stat.uz/media/uploads/sdmx/sdmx_data_3326.csv",
          "json": "https://api.siat.stat.uz/media/uploads/sdmx/sdmx_data_3326.json",
          "xml": "https://api.siat.stat.uz/media/uploads/sdmx/sdmx_data_3326.xml"
        }
      },
      {
        "id": "3327",
        "title": "Mamlakat ichidagi to‘g‘ridan-to‘g‘ri turizm taklifi (turizm tarmoqlari) 02/04/2024",
        "files": {
          "xlsx": "https://api.siat.stat.uz/media/uploads/sdmx/sdmx_data_3327.xlsx",
          "pdf": "https://api.siat.stat.uz/media/uploads/sdmx/sdmx_data_3327.pdf",
          "csv": "https://api.siat.stat.uz/media/uploads/sdmx/sdmx_data_3327.csv",
          "json": "https://api.siat.stat.uz/media/uploads/sdmx/sdmx_data_3327.json",
          "xml": "https://api.siat.stat.uz/media/uploads/sdmx/sdmx_data_3327.xml"
        }
      },
      {
        "id": "3328",
        "title": "Mamlakat ichidagi to‘g‘ridan-to‘g‘ri turizm taklifi (boshqa tarmoqlar) - jami 02/04/2024",
        "files": {
          "xlsx": "https://api.siat.stat.uz/media/uploads/sdmx/sdmx_data_3328.xlsx",
          "pdf": "https://api.siat.stat.uz/media/uploads/sdmx/sdmx_data_3328.pdf",
          "csv": "https://api.siat.stat.uz/media/uploads/sdmx/sdmx_data_3328.csv",
          "json": "https://api.siat.stat.uz/media/uploads/sdmx/sdmx_data_3328.json",
          "xml": "https://api.siat.stat.uz/media/uploads/sdmx/sdmx_data_3328.xml"
        }
      },
      {
        "id": "3329",
        "title": "Mamlakat ichidagi to‘g‘ridan-to‘g‘ri turizm taklifi (boshqa tarmoqlar) 02/04/2024",
        "files": {
          "xlsx": "https://api.siat.stat.uz/media/uploads/sdmx/sdmx_data_3329.xlsx",
          "pdf": "https://api.siat.stat.uz/media/uploads/sdmx/sdmx_data_3329.pdf",
          "csv": "https://api.siat.stat.uz/media/uploads/sdmx/sdmx_data_3329.csv",
          "json": "https://api.siat.stat.uz/media/uploads/sdmx/sdmx_data_3329.json",
          "xml": "https://api.siat.stat.uz/media/uploads/sdmx/sdmx_data_3329.xml"
        }
      },
      {
        "id": "3330",
        "title": "Mamlakat ichidagi to‘g‘ridan-to‘g‘ri turizm taklifi (ichki ishlab chiqaruvchilarning ishlab chiqargan mahsulotlari) - jami 02/04/2024",
        "files": {
          "xlsx": "https://api.siat.stat.uz/media/uploads/sdmx/sdmx_data_3330.xlsx",
          "pdf": "https://api.siat.stat.uz/media/uploads/sdmx/sdmx_data_3330.pdf",
          "csv": "https://api.siat.stat.uz/media/uploads/sdmx/sdmx_data_3330.csv",
          "json": "https://api.siat.stat.uz/media/uploads/sdmx/sdmx_data_3330.json",
          "xml": "https://api.siat.stat.uz/media/uploads/sdmx/sdmx_data_3330.xml"
        }
      },
      {
        "id": "3331",
        "title": "Mamlakat ichidagi to‘g‘ridan-to‘g‘ri turizm taklifi (ichki ishlab chiqaruvchilarning ishlab chiqargan mahsulotlari) 02/04/2024",
        "files": {
          "xlsx": "https://api.siat.stat.uz/media/uploads/sdmx/sdmx_data_3331.xlsx",
          "pdf": "https://api.siat.stat.uz/media/uploads/sdmx/sdmx_data_3331.pdf",
          "csv": "https://api.siat.stat.uz/media/uploads/sdmx/sdmx_data_3331.csv",
          "json": "https://api.siat.stat.uz/media/uploads/sdmx/sdmx_data_3331.json",
          "xml": "https://api.siat.stat.uz/media/uploads/sdmx/sdmx_data_3331.xml"
        }
      },
      {
        "id": "3332",
        "title": "Turizm tarmoqlaridagi bandlik (yuridik shaxslardagi ishlovchilar soni) - jami 02/04/2024",
        "files": {
          "xlsx": "https://api.siat.stat.uz/media/uploads/sdmx/sdmx_data_3332.xlsx",
          "pdf": "https://api.siat.stat.uz/media/uploads/sdmx/sdmx_data_3332.pdf",
          "csv": "https://api.siat.stat.uz/media/uploads/sdmx/sdmx_data_3332.csv",
          "json": "https://api.siat.stat.uz/media/uploads/sdmx/sdmx_data_3332.json",
          "xml": "https://api.siat.stat.uz/media/uploads/sdmx/sdmx_data_3332.xml"
        }
      },
      {
        "id": "3333",
        "title": "Turizm tarmoqlaridagi bandlik (yuridik shaxslardagi ishlovchilar soni) 02/04/2024",
        "files": {
          "xlsx": "https://api.siat.stat.uz/media/uploads/sdmx/sdmx_data_3333.xlsx",
          "pdf": "https://api.siat.stat.uz/media/uploads/sdmx/sdmx_data_3333.pdf",
          "csv": "https://api.siat.stat.uz/media/uploads/sdmx/sdmx_data_3333.csv",
          "json": "https://api.siat.stat.uz/media/uploads/sdmx/sdmx_data_3333.json",
          "xml": "https://api.siat.stat.uz/media/uploads/sdmx/sdmx_data_3333.xml"
        }
      },
      {
        "id": "3334",
        "title": "Turizm tarmoqlaridagi bandlik (haqiqatda ishlangan ish vaqti) - jami 02/04/2024",
        "files": {
          "xlsx": "https://api.siat.stat.uz/media/uploads/sdmx/sdmx_data_3334.xlsx",
          "pdf": "https://api.siat.stat.uz/media/uploads/sdmx/sdmx_data_3334.pdf",
          "csv": "https://api.siat.stat.uz/media/uploads/sdmx/sdmx_data_3334.csv",
          "json": "https://api.siat.stat.uz/media/uploads/sdmx/sdmx_data_3334.json",
          "xml": "https://api.siat.stat.uz/media/uploads/sdmx/sdmx_data_3334.xml"
        }
      },
      {
        "id": "3335",
        "title": "Turizm tarmoqlaridagi bandlik (haqiqatda ishlangan ish vaqti) 02/04/2024",
        "files": {
          "xlsx": "https://api.siat.stat.uz/media/uploads/sdmx/sdmx_data_3335.xlsx",
          "pdf": "https://api.siat.stat.uz/media/uploads/sdmx/sdmx_data_3335.pdf",
          "csv": "https://api.siat.stat.uz/media/uploads/sdmx/sdmx_data_3335.csv",
          "json": "https://api.siat.stat.uz/media/uploads/sdmx/sdmx_data_3335.json",
          "xml": "https://api.siat.stat.uz/media/uploads/sdmx/sdmx_data_3335.xml"
        }
      },
      {
        "id": "3336",
        "title": "Turizm tarmoqlarida asosiy kapitalning yalpi jamg‘arilishi (yuridik shaxslar bo‘yicha) 02/04/2024",
        "files": {
          "xlsx": "https://api.siat.stat.uz/media/uploads/sdmx/sdmx_data_3336.xlsx",
          "pdf": "https://api.siat.stat.uz/media/uploads/sdmx/sdmx_data_3336.pdf",
          "csv": "https://api.siat.stat.uz/media/uploads/sdmx/sdmx_data_3336.csv",
          "json": "https://api.siat.stat.uz/media/uploads/sdmx/sdmx_data_3336.json",
          "xml": "https://api.siat.stat.uz/media/uploads/sdmx/sdmx_data_3336.xml"
        }
      },
      {
        "id": "3337",
        "title": "Jamoaviy joylashtirish vositalari - jami 02/04/2024",
        "files": {
          "xlsx": "https://api.siat.stat.uz/media/uploads/sdmx/sdmx_data_3337.xlsx",
          "pdf": "https://api.siat.stat.uz/media/uploads/sdmx/sdmx_data_3337.pdf",
          "csv": "https://api.siat.stat.uz/media/uploads/sdmx/sdmx_data_3337.csv",
          "json": "https://api.siat.stat.uz/media/uploads/sdmx/sdmx_data_3337.json",
          "xml": "https://api.siat.stat.uz/media/uploads/sdmx/sdmx_data_3337.xml"
        }
      },
      {
        "id": "3338",
        "title": "Jamoaviy turar-joylar faoliyati (jamoaviy joylashtirish vositalari soni) 02/04/2024",
        "files": {
          "xlsx": "https://api.siat.stat.uz/media/uploads/sdmx/sdmx_data_3338.xlsx",
          "pdf": "https://api.siat.stat.uz/media/uploads/sdmx/sdmx_data_3338.pdf",
          "csv": "https://api.siat.stat.uz/media/uploads/sdmx/sdmx_data_3338.csv",
          "json": "https://api.siat.stat.uz/media/uploads/sdmx/sdmx_data_3338.json",
          "xml": "https://api.siat.stat.uz/media/uploads/sdmx/sdmx_data_3338.xml"
        }
      },
      {
        "id": "3339",
        "title": "Jamoaviy joylashtirish vositalari - jami 02/04/2024",
        "files": {
          "xlsx": "https://api.siat.stat.uz/media/uploads/sdmx/sdmx_data_3339.xlsx",
          "pdf": "https://api.siat.stat.uz/media/uploads/sdmx/sdmx_data_3339.pdf",
          "csv": "https://api.siat.stat.uz/media/uploads/sdmx/sdmx_data_3339.csv",
          "json": "https://api.siat.stat.uz/media/uploads/sdmx/sdmx_data_3339.json",
          "xml": "https://api.siat.stat.uz/media/uploads/sdmx/sdmx_data_3339.xml"
        }
      },
      {
        "id": "3340",
        "title": "Jamoaviy turar-joylar faoliyati (joylashtirilgan shaxslar soni) 02/04/2024",
        "files": {
          "xlsx": "https://api.siat.stat.uz/media/uploads/sdmx/sdmx_data_3340.xlsx",
          "pdf": "https://api.siat.stat.uz/media/uploads/sdmx/sdmx_data_3340.pdf",
          "csv": "https://api.siat.stat.uz/media/uploads/sdmx/sdmx_data_3340.csv",
          "json": "https://api.siat.stat.uz/media/uploads/sdmx/sdmx_data_3340.json",
          "xml": "https://api.siat.stat.uz/media/uploads/sdmx/sdmx_data_3340.xml"
        }
      },
      {
        "id": "3341",
        "title": "Jamoaviy joylashtirish vositalari - jami 02/04/2024",
        "files": {
          "xlsx": "https://api.siat.stat.uz/media/uploads/sdmx/sdmx_data_3341.xlsx",
          "pdf": "https://api.siat.stat.uz/media/uploads/sdmx/sdmx_data_3341.pdf",
          "csv": "https://api.siat.stat.uz/media/uploads/sdmx/sdmx_data_3341.csv",
          "json": "https://api.siat.stat.uz/media/uploads/sdmx/sdmx_data_3341.json",
          "xml": "https://api.siat.stat.uz/media/uploads/sdmx/sdmx_data_3341.xml"
        }
      },
      {
        "id": "3342",
        "title": "Jamoaviy turar-joylar faoliyati (tunab qolishlar soni) 02/04/2024",
        "files": {
          "xlsx": "https://api.siat.stat.uz/media/uploads/sdmx/sdmx_data_3342.xlsx",
          "pdf": "https://api.siat.stat.uz/media/uploads/sdmx/sdmx_data_3342.pdf",
          "csv": "https://api.siat.stat.uz/media/uploads/sdmx/sdmx_data_3342.csv",
          "json": "https://api.siat.stat.uz/media/uploads/sdmx/sdmx_data_3342.json",
          "xml": "https://api.siat.stat.uz/media/uploads/sdmx/sdmx_data_3342.xml"
        }
      },
      {
        "id": "3343",
        "title": "Turizm tarmoqlarida yaratilgan yalpi qo‘shilgan qiymat 02/04/2024",
        "files": {
          "xlsx": "https://api.siat.stat.uz/media/uploads/sdmx/sdmx_data_3343.xlsx",
          "pdf": "https://api.siat.stat.uz/media/uploads/sdmx/sdmx_data_3343.pdf",
          "csv": "https://api.siat.stat.uz/media/uploads/sdmx/sdmx_data_3343.csv",
          "json": "https://api.siat.stat.uz/media/uploads/sdmx/sdmx_data_3343.json",
          "xml": "https://api.siat.stat.uz/media/uploads/sdmx/sdmx_data_3343.xml"
        }
      },
      {
        "id": "3344",
        "title": "Turizm tarmoqlarida yaratilgan yalpi qo‘shilgan qiymatning mamlakat YaIMdagi ulushi 02/04/2024",
        "files": {
          "xlsx": "https://api.siat.stat.uz/media/uploads/sdmx/sdmx_data_3344.xlsx",
          "pdf": "https://api.siat.stat.uz/media/uploads/sdmx/sdmx_data_3344.pdf",
          "csv": "https://api.siat.stat.uz/media/uploads/sdmx/sdmx_data_3344.csv",
          "json": "https://api.siat.stat.uz/media/uploads/sdmx/sdmx_data_3344.json",
          "xml": "https://api.siat.stat.uz/media/uploads/sdmx/sdmx_data_3344.xml"
        }
      },
      {
        "id": "3345",
        "title": "To‘g‘ridan-to‘g‘ri turizmda yaratilgan yalpi qo‘shilgan qiymat 02/04/2024",
        "files": {
          "xlsx": "https://api.siat.stat.uz/media/uploads/sdmx/sdmx_data_3345.xlsx",
          "pdf": "https://api.siat.stat.uz/media/uploads/sdmx/sdmx_data_3345.pdf",
          "csv": "https://api.siat.stat.uz/media/uploads/sdmx/sdmx_data_3345.csv",
          "json": "https://api.siat.stat.uz/media/uploads/sdmx/sdmx_data_3345.json",
          "xml": "https://api.siat.stat.uz/media/uploads/sdmx/sdmx_data_3345.xml"
        }
      },
      {
        "id": "3346",
        "title": "To‘g‘ridan-to‘g‘ri turizmda yaratilgan yalpi qo‘shilgan qiymatning mamlakat YaIMdagi ulushi 02/04/2024",
        "files": {
          "xlsx": "https://api.siat.stat.uz/media/uploads/sdmx/sdmx_data_3346.xlsx",
          "pdf": "https://api.siat.stat.uz/media/uploads/sdmx/sdmx_data_3346.pdf",
          "csv": "https://api.siat.stat.uz/media/uploads/sdmx/sdmx_data_3346.csv",
          "json": "https://api.siat.stat.uz/media/uploads/sdmx/sdmx_data_3346.json",
          "xml": "https://api.siat.stat.uz/media/uploads/sdmx/sdmx_data_3346.xml"
        }
      },
      {
        "id": "3347",
        "title": "To‘g‘ridan-to‘g‘ri turizmda yaratilgan yalpi ichki mahsulot 02/04/2024",
        "files": {
          "xlsx": "https://api.siat.stat.uz/media/uploads/sdmx/sdmx_data_3347.xlsx",
          "pdf": "https://api.siat.stat.uz/media/uploads/sdmx/sdmx_data_3347.pdf",
          "csv": "https://api.siat.stat.uz/media/uploads/sdmx/sdmx_data_3347.csv",
          "json": "https://api.siat.stat.uz/media/uploads/sdmx/sdmx_data_3347.json",
          "xml": "https://api.siat.stat.uz/media/uploads/sdmx/sdmx_data_3347.xml"
        }
      },
      {
        "id": "3348",
        "title": "To‘g‘ridan-to‘g‘ri turizmda yaratilgan yalpi ichki mahsulotning mamlakat YaIMdagi ulushi 02/04/2024",
        "files": {
          "xlsx": "https://api.siat.stat.uz/media/uploads/sdmx/sdmx_data_3348.xlsx",
          "pdf": "https://api.siat.stat.uz/media/uploads/sdmx/sdmx_data_3348.pdf",
          "csv": "https://api.siat.stat.uz/media/uploads/sdmx/sdmx_data_3348.csv",
          "json": "https://api.siat.stat.uz/media/uploads/sdmx/sdmx_data_3348.json",
          "xml": "https://api.siat.stat.uz/media/uploads/sdmx/sdmx_data_3348.xml"
        }
      },
      {
        "id": "3349",
        "title": "To‘g‘ridan-to‘g‘ri turizmda yaratilgan yalpi qo‘shilgan qiymatning mamlakat YaQQdagi ulushi 02/04/2024",
        "files": {
          "xlsx": "https://api.siat.stat.uz/media/uploads/sdmx/sdmx_data_3349.xlsx",
          "pdf": "https://api.siat.stat.uz/media/uploads/sdmx/sdmx_data_3349.pdf",
          "csv": "https://api.siat.stat.uz/media/uploads/sdmx/sdmx_data_3349.csv",
          "json": "https://api.siat.stat.uz/media/uploads/sdmx/sdmx_data_3349.json",
          "xml": "https://api.siat.stat.uz/media/uploads/sdmx/sdmx_data_3349.xml"
        }
      },
      {
        "id": "3350",
        "title": "Iqtisodiyot bo‘yicha jami ichki taklif (ishlab chiqarish) 02/04/2024",
        "files": {
          "xlsx": "https://api.siat.stat.uz/media/uploads/sdmx/sdmx_data_3350.xlsx",
          "pdf": "https://api.siat.stat.uz/media/uploads/sdmx/sdmx_data_3350.pdf",
          "csv": "https://api.siat.stat.uz/media/uploads/sdmx/sdmx_data_3350.csv",
          "json": "https://api.siat.stat.uz/media/uploads/sdmx/sdmx_data_3350.json",
          "xml": "https://api.siat.stat.uz/media/uploads/sdmx/sdmx_data_3350.xml"
        }
      },
      {
        "id": "3351",
        "title": "Turizm tarmoqlarining ichki taklifi (ishlab chiqarish) 02/04/2024",
        "files": {
          "xlsx": "https://api.siat.stat.uz/media/uploads/sdmx/sdmx_data_3351.xlsx",
          "pdf": "https://api.siat.stat.uz/media/uploads/sdmx/sdmx_data_3351.pdf",
          "csv": "https://api.siat.stat.uz/media/uploads/sdmx/sdmx_data_3351.csv",
          "json": "https://api.siat.stat.uz/media/uploads/sdmx/sdmx_data_3351.json",
          "xml": "https://api.siat.stat.uz/media/uploads/sdmx/sdmx_data_3351.xml"
        }
      },
      {
        "id": "3352",
        "title": "Mamlakat ichidagi turizmga oid iste’mol 02/04/2024",
        "files": {
          "xlsx": "https://api.siat.stat.uz/media/uploads/sdmx/sdmx_data_3352.xlsx",
          "pdf": "https://api.siat.stat.uz/media/uploads/sdmx/sdmx_data_3352.pdf",
          "csv": "https://api.siat.stat.uz/media/uploads/sdmx/sdmx_data_3352.csv",
          "json": "https://api.siat.stat.uz/media/uploads/sdmx/sdmx_data_3352.json",
          "xml": "https://api.siat.stat.uz/media/uploads/sdmx/sdmx_data_3352.xml"
        }
      },
      {
        "id": "3353",
        "title": "Mamlakat ichidagi turizmga oid iste’molning mamlakat iqtisodiyoti tarmoqlarining ichki taklifidagi ulushi 02/04/2024",
        "files": {
          "xlsx": "https://api.siat.stat.uz/media/uploads/sdmx/sdmx_data_3353.xlsx",
          "pdf": "https://api.siat.stat.uz/media/uploads/sdmx/sdmx_data_3353.pdf",
          "csv": "https://api.siat.stat.uz/media/uploads/sdmx/sdmx_data_3353.csv",
          "json": "https://api.siat.stat.uz/media/uploads/sdmx/sdmx_data_3353.json",
          "xml": "https://api.siat.stat.uz/media/uploads/sdmx/sdmx_data_3353.xml"
        }
      },
      {
        "id": "3354",
        "title": "Kirishga oid turizm iste’moli 02/04/2024",
        "files": {
          "xlsx": "https://api.siat.stat.uz/media/uploads/sdmx/sdmx_data_3354.xlsx",
          "pdf": "https://api.siat.stat.uz/media/uploads/sdmx/sdmx_data_3354.pdf",
          "csv": "https://api.siat.stat.uz/media/uploads/sdmx/sdmx_data_3354.csv",
          "json": "https://api.siat.stat.uz/media/uploads/sdmx/sdmx_data_3354.json",
          "xml": "https://api.siat.stat.uz/media/uploads/sdmx/sdmx_data_3354.xml"
        }
      },
      {
        "id": "3837",
        "title": "Norasmiy iqtisodiyot hajmi 21/08/2024",
        "files": {
          "xlsx": "https://api.siat.stat.uz/media/uploads/sdmx/sdmx_data_3837.xlsx",
          "pdf": "https://api.siat.stat.uz/media/uploads/sdmx/sdmx_data_3837.pdf",
          "csv": "https://api.siat.stat.uz/media/uploads/sdmx/sdmx_data_3837.csv",
          "json": "https://api.siat.stat.uz/media/uploads/sdmx/sdmx_data_3837.json",
          "xml": "https://api.siat.stat.uz/media/uploads/sdmx/sdmx_data_3837.xml"
        }
      },
      {
        "id": "3838",
        "title": "Yashirin iqtisodiyot hajmi 21/08/2024",
        "files": {
          "xlsx": "https://api.siat.stat.uz/media/uploads/sdmx/sdmx_data_3838.xlsx",
          "pdf": "https://api.siat.stat.uz/media/uploads/sdmx/sdmx_data_3838.pdf",
          "csv": "https://api.siat.stat.uz/media/uploads/sdmx/sdmx_data_3838.csv",
          "json": "https://api.siat.stat.uz/media/uploads/sdmx/sdmx_data_3838.json",
          "xml": "https://api.siat.stat.uz/media/uploads/sdmx/sdmx_data_3838.xml"
        }
      },
      {
        "id": "3839",
        "title": "Jami norasmiy va yashirin iqtisodiyot hajmi 21/08/2024",
        "files": {
          "xlsx": "https://api.siat.stat.uz/media/uploads/sdmx/sdmx_data_3839.xlsx",
          "pdf": "https://api.siat.stat.uz/media/uploads/sdmx/sdmx_data_3839.pdf",
          "csv": "https://api.siat.stat.uz/media/uploads/sdmx/sdmx_data_3839.csv",
          "json": "https://api.siat.stat.uz/media/uploads/sdmx/sdmx_data_3839.json",
          "xml": "https://api.siat.stat.uz/media/uploads/sdmx/sdmx_data_3839.xml"
        }
      },
      {
        "id": "3840",
        "title": "Norasmiy iqtisodiyotning YAIMdagi ulushi, foizda 07/08/2024",
        "files": {
          "xlsx": "https://api.siat.stat.uz/media/uploads/sdmx/sdmx_data_3840.xlsx",
          "pdf": "https://api.siat.stat.uz/media/uploads/sdmx/sdmx_data_3840.pdf",
          "csv": "https://api.siat.stat.uz/media/uploads/sdmx/sdmx_data_3840.csv",
          "json": "https://api.siat.stat.uz/media/uploads/sdmx/sdmx_data_3840.json",
          "xml": "https://api.siat.stat.uz/media/uploads/sdmx/sdmx_data_3840.xml"
        }
      },
      {
        "id": "3841",
        "title": "Yashirin iqtisodiyotning YAIMdagi ulushi, foizda 07/08/2024",
        "files": {
          "xlsx": "https://api.siat.stat.uz/media/uploads/sdmx/sdmx_data_3841.xlsx",
          "pdf": "https://api.siat.stat.uz/media/uploads/sdmx/sdmx_data_3841.pdf",
          "csv": "https://api.siat.stat.uz/media/uploads/sdmx/sdmx_data_3841.csv",
          "json": "https://api.siat.stat.uz/media/uploads/sdmx/sdmx_data_3841.json",
          "xml": "https://api.siat.stat.uz/media/uploads/sdmx/sdmx_data_3841.xml"
        }
      },
      {
        "id": "3842",
        "title": "Jami norasmiy va yashirin iqtisodiyotning YAIMdagi ulushi, foizda 21/08/2024",
        "files": {
          "xlsx": "https://api.siat.stat.uz/media/uploads/sdmx/sdmx_data_3842.xlsx",
          "pdf": "https://api.siat.stat.uz/media/uploads/sdmx/sdmx_data_3842.pdf",
          "csv": "https://api.siat.stat.uz/media/uploads/sdmx/sdmx_data_3842.csv",
          "json": "https://api.siat.stat.uz/media/uploads/sdmx/sdmx_data_3842.json",
          "xml": "https://api.siat.stat.uz/media/uploads/sdmx/sdmx_data_3842.xml"
        }
      },
      {
        "id": "3843",
        "title": "Hududlar boʻyicha norasmiy iqtisodiyot hajmi 21/08/2024",
        "files": {
          "xlsx": "https://api.siat.stat.uz/media/uploads/sdmx/sdmx_data_3843.xlsx",
          "pdf": "https://api.siat.stat.uz/media/uploads/sdmx/sdmx_data_3843.pdf",
          "csv": "https://api.siat.stat.uz/media/uploads/sdmx/sdmx_data_3843.csv",
          "json": "https://api.siat.stat.uz/media/uploads/sdmx/sdmx_data_3843.json",
          "xml": "https://api.siat.stat.uz/media/uploads/sdmx/sdmx_data_3843.xml"
        }
      },
      {
        "id": "3844",
        "title": "Hududlar boʻyicha yashirin iqtisodiyot hajmi 21/08/2024",
        "files": {
          "xlsx": "https://api.siat.stat.uz/media/uploads/sdmx/sdmx_data_3844.xlsx",
          "pdf": "https://api.siat.stat.uz/media/uploads/sdmx/sdmx_data_3844.pdf",
          "csv": "https://api.siat.stat.uz/media/uploads/sdmx/sdmx_data_3844.csv",
          "json": "https://api.siat.stat.uz/media/uploads/sdmx/sdmx_data_3844.json",
          "xml": "https://api.siat.stat.uz/media/uploads/sdmx/sdmx_data_3844.xml"
        }
      },
      {
        "id": "3845",
        "title": "Hududlar boʻyicha jami norasmiy va yashirin iqtisodiyot hajmi 21/08/2024",
        "files": {
          "xlsx": "https://api.siat.stat.uz/media/uploads/sdmx/sdmx_data_3845.xlsx",
          "pdf": "https://api.siat.stat.uz/media/uploads/sdmx/sdmx_data_3845.pdf",
          "csv": "https://api.siat.stat.uz/media/uploads/sdmx/sdmx_data_3845.csv",
          "json": "https://api.siat.stat.uz/media/uploads/sdmx/sdmx_data_3845.json",
          "xml": "https://api.siat.stat.uz/media/uploads/sdmx/sdmx_data_3845.xml"
        }
      },
      {
        "id": "3846",
        "title": "Hududlar boʻyicha norasmiy iqtisodiyotni YAIM (YAHM)dagi ulushi, foizda 21/08/2024",
        "files": {
          "xlsx": "https://api.siat.stat.uz/media/uploads/sdmx/sdmx_data_3846.xlsx",
          "pdf": "https://api.siat.stat.uz/media/uploads/sdmx/sdmx_data_3846.pdf",
          "csv": "https://api.siat.stat.uz/media/uploads/sdmx/sdmx_data_3846.csv",
          "json": "https://api.siat.stat.uz/media/uploads/sdmx/sdmx_data_3846.json",
          "xml": "https://api.siat.stat.uz/media/uploads/sdmx/sdmx_data_3846.xml"
        }
      },
      {
        "id": "3847",
        "title": "Hududlar boʻyicha yashirin iqtisodiyotni YAIM (YAHM)dagi ulushi, foizda 21/08/2024",
        "files": {
          "xlsx": "https://api.siat.stat.uz/media/uploads/sdmx/sdmx_data_3847.xlsx",
          "pdf": "https://api.siat.stat.uz/media/uploads/sdmx/sdmx_data_3847.pdf",
          "csv": "https://api.siat.stat.uz/media/uploads/sdmx/sdmx_data_3847.csv",
          "json": "https://api.siat.stat.uz/media/uploads/sdmx/sdmx_data_3847.json",
          "xml": "https://api.siat.stat.uz/media/uploads/sdmx/sdmx_data_3847.xml"
        }
      },
      {
        "id": "3848",
        "title": "Hududlar boʻyicha jami norasmiy va yashirin iqtisodiyotni YAIM (YAHM)dagi ulushi, foizda 21/08/2024",
        "files": {
          "xlsx": "https://api.siat.stat.uz/media/uploads/sdmx/sdmx_data_3848.xlsx",
          "pdf": "https://api.siat.stat.uz/media/uploads/sdmx/sdmx_data_3848.pdf",
          "csv": "https://api.siat.stat.uz/media/uploads/sdmx/sdmx_data_3848.csv",
          "json": "https://api.siat.stat.uz/media/uploads/sdmx/sdmx_data_3848.json",
          "xml": "https://api.siat.stat.uz/media/uploads/sdmx/sdmx_data_3848.xml"
        }
      },
      {
        "id": "544",
        "title": "Yalpi ichki mahsulot hajmi (ishlab chiqarish usulida, joriy narxlarda, yillik) 30/10/2024",
        "files": {
          "xlsx": "https://api.siat.stat.uz/media/uploads/sdmx/sdmx_data_544.xlsx",
          "pdf": "https://api.siat.stat.uz/media/uploads/sdmx/sdmx_data_544.pdf",
          "csv": "https://api.siat.stat.uz/media/uploads/sdmx/sdmx_data_544.csv",
          "json": "https://api.siat.stat.uz/media/uploads/sdmx/sdmx_data_544.json",
          "xml": "https://api.siat.stat.uz/media/uploads/sdmx/sdmx_data_544.xml"
        }
      },
      {
        "id": "548",
        "title": "Tarmoqlarning yalpi qo‘shilgan qiymati hajmi (joriy narxlarda, yillik) 14/08/2024",
        "files": {
          "xlsx": "https://api.siat.stat.uz/media/uploads/sdmx/sdmx_data_548.xlsx",
          "pdf": "https://api.siat.stat.uz/media/uploads/sdmx/sdmx_data_548.pdf",
          "csv": "https://api.siat.stat.uz/media/uploads/sdmx/sdmx_data_548.csv",
          "json": "https://api.siat.stat.uz/media/uploads/sdmx/sdmx_data_548.json",
          "xml": "https://api.siat.stat.uz/media/uploads/sdmx/sdmx_data_548.xml"
        }
      },
      {
        "id": "570",
        "title": "Bilvosita hisoblanadigan moliyaviy vositachilik xizmatlari hajmi (joriy narxlarda, yillik) (-) 14/08/2024",
        "files": {
          "xlsx": "https://api.siat.stat.uz/media/uploads/sdmx/sdmx_data_570.xlsx",
          "pdf": "https://api.siat.stat.uz/media/uploads/sdmx/sdmx_data_570.pdf",
          "csv": "https://api.siat.stat.uz/media/uploads/sdmx/sdmx_data_570.csv",
          "json": "https://api.siat.stat.uz/media/uploads/sdmx/sdmx_data_570.json",
          "xml": "https://api.siat.stat.uz/media/uploads/sdmx/sdmx_data_570.xml"
        }
      },
      {
        "id": "572",
        "title": "Mahsulotlarga sof soliqlar hajmi (joriy narxlarda, yillik) 14/08/2024",
        "files": {
          "xlsx": "https://api.siat.stat.uz/media/uploads/sdmx/sdmx_data_572.xlsx",
          "pdf": "https://api.siat.stat.uz/media/uploads/sdmx/sdmx_data_572.pdf",
          "csv": "https://api.siat.stat.uz/media/uploads/sdmx/sdmx_data_572.csv",
          "json": "https://api.siat.stat.uz/media/uploads/sdmx/sdmx_data_572.json",
          "xml": "https://api.siat.stat.uz/media/uploads/sdmx/sdmx_data_572.xml"
        }
      },
      {
        "id": "575",
        "title": "Yalpi ichki mahsulot hajmi (ishlab chiqarish usulida, doimiy narxlarda, yillik) 07/08/2024",
        "files": {
          "xlsx": "https://api.siat.stat.uz/media/uploads/sdmx/sdmx_data_575.xlsx",
          "pdf": "https://api.siat.stat.uz/media/uploads/sdmx/sdmx_data_575.pdf",
          "csv": "https://api.siat.stat.uz/media/uploads/sdmx/sdmx_data_575.csv",
          "json": "https://api.siat.stat.uz/media/uploads/sdmx/sdmx_data_575.json",
          "xml": "https://api.siat.stat.uz/media/uploads/sdmx/sdmx_data_575.xml"
        }
      },
      {
        "id": "578",
        "title": "Bilvosita hisoblanadigan moliyaviy vositachilik xizmatlari hajmi (doimiy narxlarda, yillik) (-) 07/08/2024",
        "files": {
          "xlsx": "https://api.siat.stat.uz/media/uploads/sdmx/sdmx_data_578.xlsx",
          "pdf": "https://api.siat.stat.uz/media/uploads/sdmx/sdmx_data_578.pdf",
          "csv": "https://api.siat.stat.uz/media/uploads/sdmx/sdmx_data_578.csv",
          "json": "https://api.siat.stat.uz/media/uploads/sdmx/sdmx_data_578.json",
          "xml": "https://api.siat.stat.uz/media/uploads/sdmx/sdmx_data_578.xml"
        }
      },
      {
        "id": "580",
        "title": "Mahsulotlarga sof soliqlar (doimiy narxlarda, yillik) 07/08/2024",
        "files": {
          "xlsx": "https://api.siat.stat.uz/media/uploads/sdmx/sdmx_data_580.xlsx",
          "pdf": "https://api.siat.stat.uz/media/uploads/sdmx/sdmx_data_580.pdf",
          "csv": "https://api.siat.stat.uz/media/uploads/sdmx/sdmx_data_580.csv",
          "json": "https://api.siat.stat.uz/media/uploads/sdmx/sdmx_data_580.json",
          "xml": "https://api.siat.stat.uz/media/uploads/sdmx/sdmx_data_580.xml"
        }
      },
      {
        "id": "582",
        "title": "Yalpi ichki mahsulot o‘sish sur’ati (ishlab chiqarish usulida, yillik) 14/08/2024",
        "files": {
          "xlsx": "https://api.siat.stat.uz/media/uploads/sdmx/sdmx_data_582.xlsx",
          "pdf": "https://api.siat.stat.uz/media/uploads/sdmx/sdmx_data_582.pdf",
          "csv": "https://api.siat.stat.uz/media/uploads/sdmx/sdmx_data_582.csv",
          "json": "https://api.siat.stat.uz/media/uploads/sdmx/sdmx_data_582.json",
          "xml": "https://api.siat.stat.uz/media/uploads/sdmx/sdmx_data_582.xml"
        }
      },
      {
        "id": "583",
        "title": "Bilvosita hisoblanadigan moliyaviy vositachilik xizmatlari o‘sish sur’ati (yillik) 14/08/2024",
        "files": {
          "xlsx": "https://api.siat.stat.uz/media/uploads/sdmx/sdmx_data_583.xlsx",
          "pdf": "https://api.siat.stat.uz/media/uploads/sdmx/sdmx_data_583.pdf",
          "csv": "https://api.siat.stat.uz/media/uploads/sdmx/sdmx_data_583.csv",
          "json": "https://api.siat.stat.uz/media/uploads/sdmx/sdmx_data_583.json",
          "xml": "https://api.siat.stat.uz/media/uploads/sdmx/sdmx_data_583.xml"
        }
      },
      {
        "id": "584",
        "title": "Mahsulotlarga sof soliqlarning o‘sish sur’ati (yillik) 07/08/2024",
        "files": {
          "xlsx": "https://api.siat.stat.uz/media/uploads/sdmx/sdmx_data_584.xlsx",
          "pdf": "https://api.siat.stat.uz/media/uploads/sdmx/sdmx_data_584.pdf",
          "csv": "https://api.siat.stat.uz/media/uploads/sdmx/sdmx_data_584.csv",
          "json": "https://api.siat.stat.uz/media/uploads/sdmx/sdmx_data_584.json",
          "xml": "https://api.siat.stat.uz/media/uploads/sdmx/sdmx_data_584.xml"
        }
      },
      {
        "id": "587",
        "title": "Yalpi ichki mahsulot (yakuniy iste’mol usulida, joriy narxlarda, yillik) 08/08/2024",
        "files": {
          "xlsx": "https://api.siat.stat.uz/media/uploads/sdmx/sdmx_data_587.xlsx",
          "pdf": "https://api.siat.stat.uz/media/uploads/sdmx/sdmx_data_587.pdf",
          "csv": "https://api.siat.stat.uz/media/uploads/sdmx/sdmx_data_587.csv",
          "json": "https://api.siat.stat.uz/media/uploads/sdmx/sdmx_data_587.json",
          "xml": "https://api.siat.stat.uz/media/uploads/sdmx/sdmx_data_587.xml"
        }
      },
      {
        "id": "591",
        "title": "Yakuniy iste’mol хarajatlari (joriy narxlarda, yillik) 08/08/2024",
        "files": {
          "xlsx": "https://api.siat.stat.uz/media/uploads/sdmx/sdmx_data_591.xlsx",
          "pdf": "https://api.siat.stat.uz/media/uploads/sdmx/sdmx_data_591.pdf",
          "csv": "https://api.siat.stat.uz/media/uploads/sdmx/sdmx_data_591.csv",
          "json": "https://api.siat.stat.uz/media/uploads/sdmx/sdmx_data_591.json",
          "xml": "https://api.siat.stat.uz/media/uploads/sdmx/sdmx_data_591.xml"
        }
      },
      {
        "id": "593",
        "title": "Uy xo‘jaliklarining yakuniy iste’mol xarajatlari (joriy narxlarda, yillik) 08/08/2024",
        "files": {
          "xlsx": "https://api.siat.stat.uz/media/uploads/sdmx/sdmx_data_593.xlsx",
          "pdf": "https://api.siat.stat.uz/media/uploads/sdmx/sdmx_data_593.pdf",
          "csv": "https://api.siat.stat.uz/media/uploads/sdmx/sdmx_data_593.csv",
          "json": "https://api.siat.stat.uz/media/uploads/sdmx/sdmx_data_593.json",
          "xml": "https://api.siat.stat.uz/media/uploads/sdmx/sdmx_data_593.xml"
        }
      },
      {
        "id": "595",
        "title": "Davlat boshqaruvi organlarining yakuniy iste’mol xarajatlari (joriy narxlarda, yillik) 08/08/2024",
        "files": {
          "xlsx": "https://api.siat.stat.uz/media/uploads/sdmx/sdmx_data_595.xlsx",
          "pdf": "https://api.siat.stat.uz/media/uploads/sdmx/sdmx_data_595.pdf",
          "csv": "https://api.siat.stat.uz/media/uploads/sdmx/sdmx_data_595.csv",
          "json": "https://api.siat.stat.uz/media/uploads/sdmx/sdmx_data_595.json",
          "xml": "https://api.siat.stat.uz/media/uploads/sdmx/sdmx_data_595.xml"
        }
      },
      {
        "id": "597",
        "title": "Uy xo‘jaliklariga xizmat ko‘rsatuvchi notijorat tashkilotlarining yakuniy iste’mol xarajatlari (joriy narxlarda, yillik) 08/08/2024",
        "files": {
          "xlsx": "https://api.siat.stat.uz/media/uploads/sdmx/sdmx_data_597.xlsx",
          "pdf": "https://api.siat.stat.uz/media/uploads/sdmx/sdmx_data_597.pdf",
          "csv": "https://api.siat.stat.uz/media/uploads/sdmx/sdmx_data_597.csv",
          "json": "https://api.siat.stat.uz/media/uploads/sdmx/sdmx_data_597.json",
          "xml": "https://api.siat.stat.uz/media/uploads/sdmx/sdmx_data_597.xml"
        }
      },
      {
        "id": "601",
        "title": "Yalpi jamg‘arish (joriy narxlarda, yillik) 08/08/2024",
        "files": {
          "xlsx": "https://api.siat.stat.uz/media/uploads/sdmx/sdmx_data_601.xlsx",
          "pdf": "https://api.siat.stat.uz/media/uploads/sdmx/sdmx_data_601.pdf",
          "csv": "https://api.siat.stat.uz/media/uploads/sdmx/sdmx_data_601.csv",
          "json": "https://api.siat.stat.uz/media/uploads/sdmx/sdmx_data_601.json",
          "xml": "https://api.siat.stat.uz/media/uploads/sdmx/sdmx_data_601.xml"
        }
      },
      {
        "id": "609",
        "title": "Asosiy kapitalning yalpi jamg‘arilishi (joriy narxlarda, yillik) 08/08/2024",
        "files": {
          "xlsx": "https://api.siat.stat.uz/media/uploads/sdmx/sdmx_data_609.xlsx",
          "pdf": "https://api.siat.stat.uz/media/uploads/sdmx/sdmx_data_609.pdf",
          "csv": "https://api.siat.stat.uz/media/uploads/sdmx/sdmx_data_609.csv",
          "json": "https://api.siat.stat.uz/media/uploads/sdmx/sdmx_data_609.json",
          "xml": "https://api.siat.stat.uz/media/uploads/sdmx/sdmx_data_609.xml"
        }
      },
      {
        "id": "613",
        "title": "Moddiy aylanma vositalari zaxirasining o‘zgarishi (joriy narxlarda, yillik) 08/08/2024",
        "files": {
          "xlsx": "https://api.siat.stat.uz/media/uploads/sdmx/sdmx_data_613.xlsx",
          "pdf": "https://api.siat.stat.uz/media/uploads/sdmx/sdmx_data_613.pdf",
          "csv": "https://api.siat.stat.uz/media/uploads/sdmx/sdmx_data_613.csv",
          "json": "https://api.siat.stat.uz/media/uploads/sdmx/sdmx_data_613.json",
          "xml": "https://api.siat.stat.uz/media/uploads/sdmx/sdmx_data_613.xml"
        }
      },
      {
        "id": "615",
        "title": "Tovarlar va xizmatlar eksporti (joriy narxlarda, yillik) 08/08/2024",
        "files": {
          "xlsx": "https://api.siat.stat.uz/media/uploads/sdmx/sdmx_data_615.xlsx",
          "pdf": "https://api.siat.stat.uz/media/uploads/sdmx/sdmx_data_615.pdf",
          "csv": "https://api.siat.stat.uz/media/uploads/sdmx/sdmx_data_615.csv",
          "json": "https://api.siat.stat.uz/media/uploads/sdmx/sdmx_data_615.json",
          "xml": "https://api.siat.stat.uz/media/uploads/sdmx/sdmx_data_615.xml"
        }
      },
      {
        "id": "620",
        "title": "Tovarlar va xizmatlar importi (joriy narxlarda, yillik) 08/08/2024",
        "files": {
          "xlsx": "https://api.siat.stat.uz/media/uploads/sdmx/sdmx_data_620.xlsx",
          "pdf": "https://api.siat.stat.uz/media/uploads/sdmx/sdmx_data_620.pdf",
          "csv": "https://api.siat.stat.uz/media/uploads/sdmx/sdmx_data_620.csv",
          "json": "https://api.siat.stat.uz/media/uploads/sdmx/sdmx_data_620.json",
          "xml": "https://api.siat.stat.uz/media/uploads/sdmx/sdmx_data_620.xml"
        }
      },
      {
        "id": "621",
        "title": "Statistik tafovut (joriy narxlarda, yillik) 08/08/2024",
        "files": {
          "xlsx": "https://api.siat.stat.uz/media/uploads/sdmx/sdmx_data_621.xlsx",
          "pdf": "https://api.siat.stat.uz/media/uploads/sdmx/sdmx_data_621.pdf",
          "csv": "https://api.siat.stat.uz/media/uploads/sdmx/sdmx_data_621.csv",
          "json": "https://api.siat.stat.uz/media/uploads/sdmx/sdmx_data_621.json",
          "xml": "https://api.siat.stat.uz/media/uploads/sdmx/sdmx_data_621.xml"
        }
      },
      {
        "id": "625",
        "title": "Yalpi ichki mahsulot (yakuniy iste’mol usulida, doimiy narxlarda, yillik) 07/08/2024",
        "files": {
          "xlsx": "https://api.siat.stat.uz/media/uploads/sdmx/sdmx_data_625.xlsx",
          "pdf": "https://api.siat.stat.uz/media/uploads/sdmx/sdmx_data_625.pdf",
          "csv": "https://api.siat.stat.uz/media/uploads/sdmx/sdmx_data_625.csv",
          "json": "https://api.siat.stat.uz/media/uploads/sdmx/sdmx_data_625.json",
          "xml": "https://api.siat.stat.uz/media/uploads/sdmx/sdmx_data_625.xml"
        }
      },
      {
        "id": "627",
        "title": "Yakuniy iste’mol хarajatlari (doimiy narxlarda, yillik) 08/08/2024",
        "files": {
          "xlsx": "https://api.siat.stat.uz/media/uploads/sdmx/sdmx_data_627.xlsx",
          "pdf": "https://api.siat.stat.uz/media/uploads/sdmx/sdmx_data_627.pdf",
          "csv": "https://api.siat.stat.uz/media/uploads/sdmx/sdmx_data_627.csv",
          "json": "https://api.siat.stat.uz/media/uploads/sdmx/sdmx_data_627.json",
          "xml": "https://api.siat.stat.uz/media/uploads/sdmx/sdmx_data_627.xml"
        }
      },
      {
        "id": "629",
        "title": "Uy xo‘jaliklarining yakuniy iste’mol xarajatlari (doimiy narxlarda, yillik) 08/08/2024",
        "files": {
          "xlsx": "https://api.siat.stat.uz/media/uploads/sdmx/sdmx_data_629.xlsx",
          "pdf": "https://api.siat.stat.uz/media/uploads/sdmx/sdmx_data_629.pdf",
          "csv": "https://api.siat.stat.uz/media/uploads/sdmx/sdmx_data_629.csv",
          "json": "https://api.siat.stat.uz/media/uploads/sdmx/sdmx_data_629.json",
          "xml": "https://api.siat.stat.uz/media/uploads/sdmx/sdmx_data_629.xml"
        }
      },
      {
        "id": "631",
        "title": "Davlat boshqaruvi organlarining yakuniy iste’mol xarajatlari (doimiy narxlarda, yillik) 08/08/2024",
        "files": {
          "xlsx": "https://api.siat.stat.uz/media/uploads/sdmx/sdmx_data_631.xlsx",
          "pdf": "https://api.siat.stat.uz/media/uploads/sdmx/sdmx_data_631.pdf",
          "csv": "https://api.siat.stat.uz/media/uploads/sdmx/sdmx_data_631.csv",
          "json": "https://api.siat.stat.uz/media/uploads/sdmx/sdmx_data_631.json",
          "xml": "https://api.siat.stat.uz/media/uploads/sdmx/sdmx_data_631.xml"
        }
      },
      {
        "id": "633",
        "title": "Uy xo‘jaliklariga xizmat ko‘rsatuvchi notijorat tashkilotlarining yakuniy iste’mol xarajatlari (doimiy narxlarda, yillik) 07/08/2024",
        "files": {
          "xlsx": "https://api.siat.stat.uz/media/uploads/sdmx/sdmx_data_633.xlsx",
          "pdf": "https://api.siat.stat.uz/media/uploads/sdmx/sdmx_data_633.pdf",
          "csv": "https://api.siat.stat.uz/media/uploads/sdmx/sdmx_data_633.csv",
          "json": "https://api.siat.stat.uz/media/uploads/sdmx/sdmx_data_633.json",
          "xml": "https://api.siat.stat.uz/media/uploads/sdmx/sdmx_data_633.xml"
        }
      },
      {
        "id": "636",
        "title": "Asosiy kapitalning yalpi jamg‘arilishi (doimiy narxlarda, yillik) 08/08/2024",
        "files": {
          "xlsx": "https://api.siat.stat.uz/media/uploads/sdmx/sdmx_data_636.xlsx",
          "pdf": "https://api.siat.stat.uz/media/uploads/sdmx/sdmx_data_636.pdf",
          "csv": "https://api.siat.stat.uz/media/uploads/sdmx/sdmx_data_636.csv",
          "json": "https://api.siat.stat.uz/media/uploads/sdmx/sdmx_data_636.json",
          "xml": "https://api.siat.stat.uz/media/uploads/sdmx/sdmx_data_636.xml"
        }
      },
      {
        "id": "637",
        "title": "Tovarlar va xizmatlar eksporti (doimiy narxlarda, yillik) 08/08/2024",
        "files": {
          "xlsx": "https://api.siat.stat.uz/media/uploads/sdmx/sdmx_data_637.xlsx",
          "pdf": "https://api.siat.stat.uz/media/uploads/sdmx/sdmx_data_637.pdf",
          "csv": "https://api.siat.stat.uz/media/uploads/sdmx/sdmx_data_637.csv",
          "json": "https://api.siat.stat.uz/media/uploads/sdmx/sdmx_data_637.json",
          "xml": "https://api.siat.stat.uz/media/uploads/sdmx/sdmx_data_637.xml"
        }
      },
      {
        "id": "640",
        "title": "Tovarlar va xizmatlar importi (doimiy narxlarda, yillik) 08/08/2024",
        "files": {
          "xlsx": "https://api.siat.stat.uz/media/uploads/sdmx/sdmx_data_640.xlsx",
          "pdf": "https://api.siat.stat.uz/media/uploads/sdmx/sdmx_data_640.pdf",
          "csv": "https://api.siat.stat.uz/media/uploads/sdmx/sdmx_data_640.csv",
          "json": "https://api.siat.stat.uz/media/uploads/sdmx/sdmx_data_640.json",
          "xml": "https://api.siat.stat.uz/media/uploads/sdmx/sdmx_data_640.xml"
        }
      },
      {
        "id": "641",
        "title": "Yalpi ichki mahsulot o‘sish sur’atlari (yakuniy iste’mol usulida, yillik) 07/08/2024",
        "files": {
          "xlsx": "https://api.siat.stat.uz/media/uploads/sdmx/sdmx_data_641.xlsx",
          "pdf": "https://api.siat.stat.uz/media/uploads/sdmx/sdmx_data_641.pdf",
          "csv": "https://api.siat.stat.uz/media/uploads/sdmx/sdmx_data_641.csv",
          "json": "https://api.siat.stat.uz/media/uploads/sdmx/sdmx_data_641.json",
          "xml": "https://api.siat.stat.uz/media/uploads/sdmx/sdmx_data_641.xml"
        }
      },
      {
        "id": "642",
        "title": "Yakuniy iste’mol хarajatlarining o‘sish sur’atlari (yillik) 08/08/2024",
        "files": {
          "xlsx": "https://api.siat.stat.uz/media/uploads/sdmx/sdmx_data_642.xlsx",
          "pdf": "https://api.siat.stat.uz/media/uploads/sdmx/sdmx_data_642.pdf",
          "csv": "https://api.siat.stat.uz/media/uploads/sdmx/sdmx_data_642.csv",
          "json": "https://api.siat.stat.uz/media/uploads/sdmx/sdmx_data_642.json",
          "xml": "https://api.siat.stat.uz/media/uploads/sdmx/sdmx_data_642.xml"
        }
      },
      {
        "id": "651",
        "title": "Uy xo‘jaliklarining yakuniy iste’mol xarajatlari o‘sish sur’atlari (yillik) 07/08/2024",
        "files": {
          "xlsx": "https://api.siat.stat.uz/media/uploads/sdmx/sdmx_data_651.xlsx",
          "pdf": "https://api.siat.stat.uz/media/uploads/sdmx/sdmx_data_651.pdf",
          "csv": "https://api.siat.stat.uz/media/uploads/sdmx/sdmx_data_651.csv",
          "json": "https://api.siat.stat.uz/media/uploads/sdmx/sdmx_data_651.json",
          "xml": "https://api.siat.stat.uz/media/uploads/sdmx/sdmx_data_651.xml"
        }
      },
      {
        "id": "652",
        "title": "Davlat boshqaruvi organlarining yakuniy iste’mol xarajatlari o‘sish sur’atlari (yillik) 07/08/2024",
        "files": {
          "xlsx": "https://api.siat.stat.uz/media/uploads/sdmx/sdmx_data_652.xlsx",
          "pdf": "https://api.siat.stat.uz/media/uploads/sdmx/sdmx_data_652.pdf",
          "csv": "https://api.siat.stat.uz/media/uploads/sdmx/sdmx_data_652.csv",
          "json": "https://api.siat.stat.uz/media/uploads/sdmx/sdmx_data_652.json",
          "xml": "https://api.siat.stat.uz/media/uploads/sdmx/sdmx_data_652.xml"
        }
      },
      {
        "id": "653",
        "title": "Uy xo‘jaliklariga xizmat ko‘rsatuvchi notijorat tashkilotlarining yakuniy iste’mol xarajatlari o‘sish sur’atlari (yillik) 08/08/2024",
        "files": {
          "xlsx": "https://api.siat.stat.uz/media/uploads/sdmx/sdmx_data_653.xlsx",
          "pdf": "https://api.siat.stat.uz/media/uploads/sdmx/sdmx_data_653.pdf",
          "csv": "https://api.siat.stat.uz/media/uploads/sdmx/sdmx_data_653.csv",
          "json": "https://api.siat.stat.uz/media/uploads/sdmx/sdmx_data_653.json",
          "xml": "https://api.siat.stat.uz/media/uploads/sdmx/sdmx_data_653.xml"
        }
      },
      {
        "id": "654",
        "title": "Asosiy kapitalning yalpi jamg‘arilishi o‘sish sur’atlari (yillik) 07/08/2024",
        "files": {
          "xlsx": "https://api.siat.stat.uz/media/uploads/sdmx/sdmx_data_654.xlsx",
          "pdf": "https://api.siat.stat.uz/media/uploads/sdmx/sdmx_data_654.pdf",
          "csv": "https://api.siat.stat.uz/media/uploads/sdmx/sdmx_data_654.csv",
          "json": "https://api.siat.stat.uz/media/uploads/sdmx/sdmx_data_654.json",
          "xml": "https://api.siat.stat.uz/media/uploads/sdmx/sdmx_data_654.xml"
        }
      },
      {
        "id": "655",
        "title": "Tovarlar va xizmatlar eksporti o‘sish sur’atlari (yillik) 08/08/2024",
        "files": {
          "xlsx": "https://api.siat.stat.uz/media/uploads/sdmx/sdmx_data_655.xlsx",
          "pdf": "https://api.siat.stat.uz/media/uploads/sdmx/sdmx_data_655.pdf",
          "csv": "https://api.siat.stat.uz/media/uploads/sdmx/sdmx_data_655.csv",
          "json": "https://api.siat.stat.uz/media/uploads/sdmx/sdmx_data_655.json",
          "xml": "https://api.siat.stat.uz/media/uploads/sdmx/sdmx_data_655.xml"
        }
      },
      {
        "id": "656",
        "title": "Tovarlar va xizmatlar importi o‘sish sur’atlari (yillik) 08/08/2024",
        "files": {
          "xlsx": "https://api.siat.stat.uz/media/uploads/sdmx/sdmx_data_656.xlsx",
          "pdf": "https://api.siat.stat.uz/media/uploads/sdmx/sdmx_data_656.pdf",
          "csv": "https://api.siat.stat.uz/media/uploads/sdmx/sdmx_data_656.csv",
          "json": "https://api.siat.stat.uz/media/uploads/sdmx/sdmx_data_656.json",
          "xml": "https://api.siat.stat.uz/media/uploads/sdmx/sdmx_data_656.xml"
        }
      },
      {
        "id": "658",
        "title": "Yalpi ichki (hududiy) mahsulotning o‘sish sur’atlari (yillik) 07/08/2024",
        "files": {
          "xlsx": "https://api.siat.stat.uz/media/uploads/sdmx/sdmx_data_658.xlsx",
          "pdf": "https://api.siat.stat.uz/media/uploads/sdmx/sdmx_data_658.pdf",
          "csv": "https://api.siat.stat.uz/media/uploads/sdmx/sdmx_data_658.csv",
          "json": "https://api.siat.stat.uz/media/uploads/sdmx/sdmx_data_658.json",
          "xml": "https://api.siat.stat.uz/media/uploads/sdmx/sdmx_data_658.xml"
        }
      },
      {
        "id": "660",
        "title": "Aholi jon boshiga yalpi ichki (hududiy) mahsulot hajmi (yillik) 07/08/2024",
        "files": {
          "xlsx": "https://api.siat.stat.uz/media/uploads/sdmx/sdmx_data_660.xlsx",
          "pdf": "https://api.siat.stat.uz/media/uploads/sdmx/sdmx_data_660.pdf",
          "csv": "https://api.siat.stat.uz/media/uploads/sdmx/sdmx_data_660.csv",
          "json": "https://api.siat.stat.uz/media/uploads/sdmx/sdmx_data_660.json",
          "xml": "https://api.siat.stat.uz/media/uploads/sdmx/sdmx_data_660.xml"
        }
      },
      {
        "id": "661",
        "title": "Aholi jon boshiga yalpi ichki (hududiy) mahsulotning o‘sish sur’atlari (yillik) 07/08/2024",
        "files": {
          "xlsx": "https://api.siat.stat.uz/media/uploads/sdmx/sdmx_data_661.xlsx",
          "pdf": "https://api.siat.stat.uz/media/uploads/sdmx/sdmx_data_661.pdf",
          "csv": "https://api.siat.stat.uz/media/uploads/sdmx/sdmx_data_661.csv",
          "json": "https://api.siat.stat.uz/media/uploads/sdmx/sdmx_data_661.json",
          "xml": "https://api.siat.stat.uz/media/uploads/sdmx/sdmx_data_661.xml"
        }
      }
    ]
  }
}