[
  {
    "metadata": [
      {
        "name_uz": "Birinchi chop etilgan sana",
        "name_ru": "Дата первой публикации",
        "name_en": "Date of first publication",
        "value_uz": "2023-06-21",
        "value_ru": "2023-06-21",
        "value_en": "2023-06-21"
      },
      {
        "name_uz": "So'nggi o'zgartirilgan sana",
        "name_ru": "Дата последнего изменения",
        "name_en": "Last modified date",
        "value_uz": "2024-11-25",
        "value_ru": "2024-11-25",
        "value_en": "2024-11-25"
      },
      {
        "name_uz": "Ma'lumotlar to'plami identifikatsiya raqami (kodi)",
        "name_ru": "Идентификационный номер индикатора (код)",
        "name_en": "Indicator identification number (code)",
        "value_uz": "1.01.02.0028",
        "value_ru": "1.01.02.0028",
        "value_en": "1.01.02.0028"
      },
      {
        "name_uz": "Ma'lumotlar to‘plami nomi",
        "name_ru": "Имя индикатора",
        "name_en": "Indicator name",
        "value_uz": "Yalpi ichki mahsulot (yakuniy iste’mol usulida, joriy narxlarda, choraklik)",
        "value_ru": "Валовой внутренний продукт (по методу конечного использования, в текущих ценах, квартальные)",
        "value_en": "Gross domestic product (by expenditures method, at current prices, quarterly)"
      },
      {
        "name_uz": "Davriyligi",
        "name_ru": "Периодичность",
        "name_en": "Periodicity",
        "value_uz": "choraklik",
        "value_ru": "квартальный",
        "value_en": "quarterly"
      },
      {
        "name_uz": "O‘lchov birligi",
        "name_ru": "Единица измерения",
        "name_en": "Unit of measurement",
        "value_uz": "milliy valyuta, mlrd. so`m",
        "value_ru": "национальная валюта, млрд.сум.",
        "value_en": "national currency, billion soums"
      },
      {
        "name_uz": "Klassifikatorlar",
        "name_ru": "Классификаторы",
        "name_en": "Classifiers",
        "value_uz": "Davlat organlari funktsiyalarining tasnifi (DOFT), maqsadlar bo'yicha individual iste'mol tasnifi (MIIT), uy xo'jaliklariga xizmat ko'rsatadigan notijorat tashkilotlarning maqsadlari tasnifi (UXXKNTMT)",
        "value_ru": "Классификация функций органов государственного управления (КФОГУ), классификация индивидуального потребления по целям (КИПЦ), классификация целей некоммерческих организаций, обслуживающих домашние хозяйства (КЦНО)",
        "value_en": "Classification of functions of government (COFOG), classification of individual consumption by purpose (COICOP), classification of purposes of non-profit institutions serving households (COPNI)"
      },
      {
        "name_uz": "Hisob kitobni amalga oshirgan tashkilot nomi",
        "name_ru": "Название организации, осуществивший расчёт",
        "name_en": "Name of the organization that carried out the calculation",
        "value_uz": "O‘zbekiston Respublikasi Prezidenti huzuridagi Statistika agentligi",
        "value_ru": "Агентство статистики при Президенте Республики Узбекистан",
        "value_en": "Statistics Agency under the President of the Republic of Uzbekistan"
      },
      {
        "name_uz": "Birlamchi ma'`lumot manbasi",
        "name_ru": "Первичный источник информации",
        "name_en": "Primary source of information",
        "value_uz": "Hisobot va statistik kuzatuv ma'lumotlari, ma'muriy ma'lumotlar",
        "value_ru": "Данные отчетности и статистического обследования, административные данные",
        "value_en": "Reporting and statistical survey data, administrative data"
      },
      {
        "name_uz": "Hisoblash metodikasi",
        "name_ru": "Методы расчета",
        "name_en": "Calculation methodology",
        "value_uz": "https://lib.stat.uz/uz/features/milliy-hisoblar/645-yalpi-ichki-mahsulotni-yakuniy-iste-mol-usulida-hisoblash-bo-yicha-uslubiy-nizom-2",
        "value_ru": "https://lib.stat.uz/ru/features-3/natsionalnye-scheta/646-yalpi-ichki-mahsulotni-yakuniy-iste-mol-usulida-hisoblash-bo-yicha-uslubiy-nizom-3",
        "value_en": "https://lib.stat.uz/ru/features-3/natsionalnye-scheta/646-yalpi-ichki-mahsulotni-yakuniy-iste-mol-usulida-hisoblash-bo-yicha-uslubiy-nizom-4"
      },
      {
        "name_uz": "Mas'ul boshqarma nomi",
        "name_ru": "Ответственное управление",
        "name_en": "Name of department",
        "value_uz": "Makroiqtisodiy indikatorlar va milliy hisoblar boshqarmasi",
        "value_ru": "Управление макроэкономических индикаторов и национальных счетов",
        "value_en": "Department of Macroeconomic Indicators and National Accounts"
      },
      {
        "name_uz": "Mas'ul hodim FIO",
        "name_ru": "Oтветственный сотрудник ФИО",
        "name_en": "Responsible officer name",
        "value_uz": "Xamrayev Zafar Mamasaidovich",
        "value_ru": "Хамраев Зафар Мамасаидович",
        "value_en": "Xamrayev Zafar Mamasaidovich"
      },
      {
        "name_uz": "Telefon raqami:",
        "name_ru": "Номер телефона:",
        "name_en": "Phone number:",
        "value_uz": "+99871 202 80 34",
        "value_ru": "+99871 202 80 34",
        "value_en": "+99871 202 80 34"
      },
      {
        "name_uz": "Elektron pohcta",
        "name_ru": "Электронная почта",
        "name_en": "Email",
        "value_uz": "z.xamraev@stat.uz",
        "value_ru": "z.xamraev@stat.uz",
        "value_en": "z.xamraev@stat.uz"
      },
      {
        "name_uz": "Izoh",
        "name_ru": "Примечание",
        "name_en": "Note",
        "value_uz": "2023-2024 yillar uchun dastlabki ma'lumotlar",
        "value_ru": "данные за 2023-2024 годa предварительные",
        "value_en": "for 2023-2024 preliminary data"
      },
      {
        "name_uz": "Izoh",
        "name_ru": "Примечание",
        "name_en": "Note",
        "value_uz": "ma'lumotlar o‘sib boruvchi yakun asosida keltirilgan",
        "value_ru": "данные приведены нарастающим итогом",
        "value_en": "cumulative data"
      },
      {
        "name_uz": "Izoh",
        "name_ru": "Примечание",
        "name_en": "Note",
        "value_uz": "2017- yildan boshlab ma'lumotlar MHT-2008 uslubiyatiga muvofiq, kuzatilmaydigan iqtisodiyotni hisobga olgan holda qayta ko'rib chiqilgan",
        "value_ru": "С 2017 года данные пересмотрены с учетом ненаблюдаемой экономики в соответствии с методологией СНС- 2008",
        "value_en": "Since 2017, the data have been revised taking into account the non-observed economy in accordance with the 2008 SNA methodology"
      },
      {
        "name_uz": "Hisoblash metodikasi (qisqacha)",
        "name_ru": "Методология расчета (кратко)",
        "name_en": "Calculation methodology (briefly)",
        "value_uz": "Yakuniy iste’mol usulida hisoblangan yalpi ichki mahsulot “Milliy hisoblar tizimi – 2008” xalqaro uslubiyoti bo‘yicha iqtisodiyotdagi barcha rezident institutsional birliklarining yakuniy iste’molga, yalpi jamg‘arilishga va sof eksportga qilgan xarajatlarini ifodalaydi.",
        "value_ru": "Cогласно международной методологии «Система национальных счетов – 2008», валовой внутренний продукт, рассчитанный методом конечного потребления, представляет собой расходы всех институциональных единиц-резидентов экономики на конечное потребление, валовое накопление и чистый экспорт.",
        "value_en": "According to the international methodology “System of National Accounts – 2008”, gross domestic product, calculated by the final consumption method, represents the expenditures of all institutional units-residents of the economy on final consumption, gross capital formation and net exports."
      }
    ],
    "data": [
      {
        "Code": "1700",
        "Klassifikator": "O‘zbekiston Respublikasi",
        "Klassifikator_ru": "Республика Узбекистан",
        "Klassifikator_en": "Republic of Uzbekistan",
        "2016-Q1": 47816.2,
        "2016-Q2": 114568,
        "2016-Q3": 185109.8,
        "2016-Q4": 255421.9,
        "2017-Q1": 62077.9,
        "2017-Q2": 149230.3,
        "2017-Q3": 249038.6,
        "2017-Q4": 356453.8,
        "2018-Q1": 87230.8,
        "2018-Q2": 208348.5,
        "2018-Q3": 338469.1,
        "2018-Q4": 473652.8,
        "2019-Q1": 111336.4,
        "2019-Q2": 261857.4,
        "2019-Q3": 425494.6,
        "2019-Q4": 594659.6,
        "2020-Q1": 131513.6,
        "2020-Q2": 295785.7,
        "2020-Q3": 473124.6,
        "2020-Q4": 668038,
        "2021-Q1": 152906.3,
        "2021-Q2": 360046.3,
        "2021-Q3": 582260,
        "2021-Q4": 820536.6,
        "2022-Q1": 186691.6,
        "2022-Q2": 441482.9,
        "2022-Q3": 707857,
        "2022-Q4": 995573.1,
        "2023-Q1": 225971.8,
        "2023-Q2": 527658.7,
        "2023-Q3": 842711.4,
        "2023-Q4": 1204485.4,
        "2024-Q1": 273364.9,
        "2024-Q2": 634753,
        "2024-Q3": 1015331.8
      }
    ]
  }
]