[
  {
    "metadata": [
      {
        "name_uz": "Birinchi chop etilgan sana",
        "name_ru": "Дата первой публикации",
        "name_en": "Date of first publication",
        "value_uz": "2024-08-06",
        "value_ru": "2024-08-06",
        "value_en": "2024-08-06"
      },
      {
        "name_uz": "So'nggi o'zgartirilgan sana",
        "name_ru": "Дата последнего изменения",
        "name_en": "Last modified date",
        "value_uz": "2024-08-21",
        "value_ru": "2024-08-21",
        "value_en": "2024-08-21"
      },
      {
        "name_uz": "Ma'lumotlar to'plami identifikatsiya raqami (kodi)",
        "name_ru": "Идентификационный номер индикатора (код)",
        "name_en": "Indicator identification number (code)",
        "value_uz": "1.01.08.0010",
        "value_ru": "1.01.08.0010",
        "value_en": "1.01.08.0010"
      },
      {
        "name_uz": "Ma'lumotlar to'plami nomi",
        "name_ru": "Имя индикатора",
        "name_en": "Indicator name",
        "value_uz": "Hududlar boʻyicha norasmiy iqtisodiyotni YAIM (YAHM)dagi ulushi, foizda",
        "value_ru": "Доля неформальной экономики в ВВП (ВРП) по регионам, в процентах",
        "value_en": "Share of informal economy in GDP (GRP) by region, in percent"
      },
      {
        "name_uz": "Davriyligi",
        "name_ru": "Периодичность",
        "name_en": "Periodicity",
        "value_uz": "yillik",
        "value_ru": "ежегодный",
        "value_en": "annual"
      },
      {
        "name_uz": "O‘lchov birligi",
        "name_ru": "Единица измерения",
        "name_en": "Unit of measurement",
        "value_uz": "tarkibi foizda",
        "value_ru": "структура в процентах",
        "value_en": "percentage structure"
      },
      {
        "name_uz": "Klassifikatorlar",
        "name_ru": "Классификаторы",
        "name_en": "Classifiers",
        "value_uz": "Oʻzbekiston Respublikasi Maʼmuriy-hududiy tuzilmalarni (obyektlarni) tegishli idoraviy statistik tasniflagichi (MHOBT)",
        "value_ru": "Cистемы обозначений административно-территориальных образований (объектов) Республики Узбекистан (СОАТО))",
        "value_en": "Designation systems of administrative-territorial formations (objects) of the Republic of Uzbekistan"
      },
      {
        "name_uz": "Rasmiy statistika tayyorlovchi",
        "name_ru": "Составитель официальной статистики",
        "name_en": "Official statistics preparer",
        "value_uz": "O‘zbekiston Respublikasi Prezidenti huzuridagi Statistika agentligi",
        "value_ru": "Агентство статистики при Президенте Республики Узбекистан",
        "value_en": "Statistics Agency under the President of the Republic of Uzbekistan"
      },
      {
        "name_uz": "Birlamchi ma'`lumot manbasi",
        "name_ru": "Первичный источник информации",
        "name_en": "Primary source of information",
        "value_uz": "Kuzatuvlar va ma'muriy ma'lumotlar",
        "value_ru": "Обследования и административные данные",
        "value_en": "Surveys and administrative data"
      },
      {
        "name_uz": "Hisoblash metodikasi",
        "name_ru": "Методы расчета",
        "name_en": "Calculation methodology",
        "value_uz": "https://lib.stat.uz/uz/features/milliy-hisoblar/842-kuzatilmaydigan-iqtisodiyotni-statistik-baholash-bo-yicha-uslubiy-nizom",
        "value_ru": "https://lib.stat.uz/ru/features-3/natsionalnye-scheta/843-kuzatilmaydigan-iqtisodiyotni-statistik-baholash-bo-yicha-uslubiy-nizom-2",
        "value_en": "https://lib.stat.uz/ru/features-3/natsionalnye-scheta/843-kuzatilmaydigan-iqtisodiyotni-statistik-baholash-bo-yicha-uslubiy-nizom-2"
      },
      {
        "name_uz": "Mas'ul boshqarma nomi",
        "name_ru": "Ответственное управление",
        "name_en": "Name of department",
        "value_uz": "Makroiqtisodiy indikatorlar va milliy hisoblar boshqarmasi",
        "value_ru": "Управление макроэкономических индикаторов и национальных счетов",
        "value_en": "Department of Macroeconomic Indicators and National Accounts"
      },
      {
        "name_uz": "Mas'ul xodim FISh",
        "name_ru": "Oтветственный сотрудник ФИО",
        "name_en": "Responsible officer name",
        "value_uz": "Kamilova Ziyoda Abdurahimovna",
        "value_ru": "Камилова Зиеда Абдурахимовна",
        "value_en": "Kamilova Ziyoda Abdurahimovna"
      },
      {
        "name_uz": "Telefon raqami:",
        "name_ru": "Номер телефона:",
        "name_en": "Phone number:",
        "value_uz": "+99871 202 80 41",
        "value_ru": "+99871 202 80 41",
        "value_en": "+99871 202 80 41"
      },
      {
        "name_uz": "Elektron pohcta",
        "name_ru": "Электронная почта",
        "name_en": "Email",
        "value_uz": "z.kamilova@stat.uz",
        "value_ru": "z.kamilova@stat.uz",
        "value_en": "z.kamilova@stat.uz"
      },
      {
        "name_uz": "Izoh",
        "name_ru": "Примечание",
        "name_en": "Note",
        "value_uz": "Norasmiy iqtisodiyot – uy xo‘jaliklari yoki jismoniy shaxslar tomonidan belgilangan tartibda ro‘yxatdan o‘tmagan holda amalga oshiriladigan ishlab chiqarish (xizmat ko‘rsatish) bilan bog‘liq iqtisodiy faoliyat; Kuzatilmaydigan iqtisodiyot – doimiy statistika kuzatuvlarida to‘liq yoki qisman qamrab olinmagan, shuningdek, statistika ko‘rsatkichlarida aks ettirishda bilvosita usullar orqali baholanadigan iqtisodiy faoliyat turlari.",
        "value_ru": "Неформальная экономика – экономическая деятельность, связанная с производством продукции (оказанием услуг), осуществляемая домашними хозяйствами или физическими лицами без регистрации в установленном порядке; Ненаблюдаемая экономика – виды экономической деятельности, которые полностью или частично не охвачены регулярными статистическими наблюдениями, а также оцениваются косвенными методами при отражении в статистических показателях.",
        "value_en": "Informal economy - economic activity related to the production of goods (provision of services), carried out by households or individuals without registration in the established manner;  Non-observed economy - types of economic activity that are not fully or partially covered by regular statistical observations, and are also estimated by indirect methods when reflected in statistical indicators."
      }
    ],
    "data": [
      {
        "2017": 37.8,
        "2018": 34.3,
        "2019": 31.1,
        "2020": 31,
        "2021": 29.7,
        "2022": 27.2,
        "2023": 26.6,
        "2024": 26.4,
        "Code": "1700",
        "Klassifikator": "O‘zbekiston Respublikasi",
        "Klassifikator_ru": "Республика Узбекистан",
        "Klassifikator_en": "Republic of Uzbekistan"
      },
      {
        "2017": 35.7,
        "2018": 32.5,
        "2019": 29.5,
        "2020": 30.5,
        "2021": 30.4,
        "2022": 29.1,
        "2023": 31,
        "2024": 31.5,
        "Code": "1735",
        "Klassifikator": "Qoraqalpog‘iston Respublikasi",
        "Klassifikator_ru": "Республика Каракалпакстан",
        "Klassifikator_en": "Republic of Karakalpakstan"
      },
      {
        "2017": 55.1,
        "2018": 47.5,
        "2019": 44,
        "2020": 42.4,
        "2021": 42.7,
        "2022": 38.4,
        "2023": 37,
        "2024": 35.9,
        "Code": "1703",
        "Klassifikator": "Andijon viloyati",
        "Klassifikator_ru": "Андижанская область",
        "Klassifikator_en": "Andijan region"
      },
      {
        "2017": 52.5,
        "2018": 51.5,
        "2019": 44.7,
        "2020": 46.9,
        "2021": 45,
        "2022": 40.8,
        "2023": 41.2,
        "2024": 41.1,
        "Code": "1706",
        "Klassifikator": "Buxoro viloyati",
        "Klassifikator_ru": "Бухарская область",
        "Klassifikator_en": "Bukhara region"
      },
      {
        "2017": 57,
        "2018": 57.3,
        "2019": 49.7,
        "2020": 49.7,
        "2021": 47.5,
        "2022": 43.6,
        "2023": 41.2,
        "2024": 40.7,
        "Code": "1708",
        "Klassifikator": "Jizzax viloyati",
        "Klassifikator_ru": "Джизакская область",
        "Klassifikator_en": "Jizzakh region"
      },
      {
        "2017": 48,
        "2018": 47.3,
        "2019": 44.2,
        "2020": 46.9,
        "2021": 44.2,
        "2022": 41.5,
        "2023": 41.7,
        "2024": 41.4,
        "Code": "1710",
        "Klassifikator": "Qashqadaryo viloyati",
        "Klassifikator_ru": "Кашкадарьинская область",
        "Klassifikator_en": "Kashkadarya region"
      },
      {
        "2017": 37.9,
        "2018": 31.3,
        "2019": 23.1,
        "2020": 19.4,
        "2021": 19.8,
        "2022": 17.9,
        "2023": 17.8,
        "2024": 15.9,
        "Code": "1712",
        "Klassifikator": "Navoiy viloyati",
        "Klassifikator_ru": "Навоийская область",
        "Klassifikator_en": "Navoi region"
      },
      {
        "2017": 53.4,
        "2018": 48.9,
        "2019": 45.1,
        "2020": 45.3,
        "2021": 43.3,
        "2022": 40.4,
        "2023": 38.2,
        "2024": 37.6,
        "Code": "1714",
        "Klassifikator": "Namangan viloyati",
        "Klassifikator_ru": "Наманганская область",
        "Klassifikator_en": "Namangan region"
      },
      {
        "2017": 50.6,
        "2018": 48.7,
        "2019": 44.7,
        "2020": 44,
        "2021": 42.2,
        "2022": 39.4,
        "2023": 38.9,
        "2024": 38.7,
        "Code": "1718",
        "Klassifikator": "Samarqand viloyati",
        "Klassifikator_ru": "Самаркандская область",
        "Klassifikator_en": "Samarkand region"
      },
      {
        "2017": 56.9,
        "2018": 54.7,
        "2019": 50.4,
        "2020": 50.8,
        "2021": 49.4,
        "2022": 47.7,
        "2023": 47.6,
        "2024": 46.7,
        "Code": "1722",
        "Klassifikator": "Surxondaryo viloyati",
        "Klassifikator_ru": "Сурхандарьинская область",
        "Klassifikator_en": "Surkhandarya region"
      },
      {
        "2017": 45.3,
        "2018": 42.4,
        "2019": 35.1,
        "2020": 36.4,
        "2021": 33.8,
        "2022": 30.3,
        "2023": 30.8,
        "2024": 30.9,
        "Code": "1724",
        "Klassifikator": "Sirdaryo viloyati",
        "Klassifikator_ru": "Сырдарьинская область",
        "Klassifikator_en": "Syrdarya region"
      },
      {
        "2017": 42.3,
        "2018": 35.6,
        "2019": 29.7,
        "2020": 30.3,
        "2021": 27.8,
        "2022": 27.4,
        "2023": 28.3,
        "2024": 28.7,
        "Code": "1727",
        "Klassifikator": "Toshkent viloyati",
        "Klassifikator_ru": "Ташкентская область",
        "Klassifikator_en": "Tashkent region"
      },
      {
        "2017": 47.2,
        "2018": 44.9,
        "2019": 40.4,
        "2020": 38.4,
        "2021": 37.8,
        "2022": 36.8,
        "2023": 35.6,
        "2024": 35.1,
        "Code": "1730",
        "Klassifikator": "Farg‘ona  viloyati",
        "Klassifikator_ru": "Ферганская область",
        "Klassifikator_en": "Fergana region"
      },
      {
        "2017": 54,
        "2018": 53.2,
        "2019": 49,
        "2020": 50.8,
        "2021": 48.1,
        "2022": 43.1,
        "2023": 42.8,
        "2024": 42.5,
        "Code": "1733",
        "Klassifikator": "Xorazm viloyati",
        "Klassifikator_ru": "Хорезмская область",
        "Klassifikator_en": "Khorezm region"
      },
      {
        "2017": 24.5,
        "2018": 21.3,
        "2019": 19.6,
        "2020": 18.8,
        "2021": 16.2,
        "2022": 14.7,
        "2023": 13.6,
        "2024": 15.4,
        "Code": "1726",
        "Klassifikator": "Toshkent shahri",
        "Klassifikator_ru": "город Ташкент",
        "Klassifikator_en": "Tashkent city"
      }
    ]
  }
]