[
  {
    "metadata": [
      {
        "name_uz": "Birinchi chop etilgan sana",
        "name_ru": "Дата первой публикации",
        "name_en": "Date of first publication",
        "value_uz": "2024-08-06",
        "value_ru": "2024-08-06",
        "value_en": "2024-08-06"
      },
      {
        "name_uz": "So'nggi o'zgartirilgan sana",
        "name_ru": "Дата последнего изменения",
        "name_en": "Last modified date",
        "value_uz": "2024-08-21",
        "value_ru": "2024-08-21",
        "value_en": "2024-08-21"
      },
      {
        "name_uz": "Ma'lumotlar to'plami identifikatsiya raqami (kodi)",
        "name_ru": "Идентификационный номер индикатора (код)",
        "name_en": "Indicator identification number (code)",
        "value_uz": "1.01.08.0007",
        "value_ru": "1.01.08.0007",
        "value_en": "1.01.08.0007"
      },
      {
        "name_uz": "Ma'lumotlar to'plami nomi",
        "name_ru": "Имя индикатора",
        "name_en": "Indicator name",
        "value_uz": "Hududlar boʻyicha norasmiy iqtisodiyot hajmi",
        "value_ru": "Объем неформальной экономики по регионам",
        "value_en": "Volume of informal economy by region"
      },
      {
        "name_uz": "Davriyligi",
        "name_ru": "Периодичность",
        "name_en": "Periodicity",
        "value_uz": "yillik",
        "value_ru": "ежегодный",
        "value_en": "annual"
      },
      {
        "name_uz": "O‘lchov birligi",
        "name_ru": "Единица измерения",
        "name_en": "Unit of measurement",
        "value_uz": "milliy valyutada, mlrd. so`m",
        "value_ru": "национальная валюта, млрд.сум.",
        "value_en": "national currency, billion soums"
      },
      {
        "name_uz": "Klassifikatorlar",
        "name_ru": "Классификаторы",
        "name_en": "Classifiers",
        "value_uz": "Oʻzbekiston Respublikasi Maʼmuriy-hududiy tuzilmalarni (obyektlarni) tegishli idoraviy statistik tasniflagichi (MHOBT)",
        "value_ru": "Cистемы обозначений административно-территориальных образований (объектов) Республики Узбекистан (СОАТО))",
        "value_en": "Cистемы обозначений административно-территориальных образований (объектов) Республики Узбекистан (СОАТО))"
      },
      {
        "name_uz": "Rasmiy statistika tayyorlovchi",
        "name_ru": "Составитель официальной статистики",
        "name_en": "Official statistics preparer",
        "value_uz": "O‘zbekiston Respublikasi Prezidenti huzuridagi Statistika agentligi",
        "value_ru": "Агентство статистики при Президенте Республики Узбекистан",
        "value_en": "Statistics Agency under the President of the Republic of Uzbekistan"
      },
      {
        "name_uz": "Birlamchi ma'`lumot manbasi",
        "name_ru": "Первичный источник информации",
        "name_en": "Primary source of information",
        "value_uz": "Kuzatuvlar va ma'muriy ma'lumotlar",
        "value_ru": "Обследования и административные данные",
        "value_en": "Surveys and administrative data"
      },
      {
        "name_uz": "Hisoblash metodikasi",
        "name_ru": "Методы расчета",
        "name_en": "Calculation methodology",
        "value_uz": "https://lib.stat.uz/uz/features/milliy-hisoblar/842-kuzatilmaydigan-iqtisodiyotni-statistik-baholash-bo-yicha-uslubiy-nizom",
        "value_ru": "https://lib.stat.uz/ru/features-3/natsionalnye-scheta/843-kuzatilmaydigan-iqtisodiyotni-statistik-baholash-bo-yicha-uslubiy-nizom-2",
        "value_en": "https://lib.stat.uz/ru/features-3/natsionalnye-scheta/843-kuzatilmaydigan-iqtisodiyotni-statistik-baholash-bo-yicha-uslubiy-nizom-2"
      },
      {
        "name_uz": "Mas'ul boshqarma nomi",
        "name_ru": "Ответственное управление",
        "name_en": "Name of department",
        "value_uz": "Makroiqtisodiy indikatorlar va milliy hisoblar boshqarmasi",
        "value_ru": "Управление макроэкономических индикаторов и национальных счетов",
        "value_en": "Department of Macroeconomic Indicators and National Accounts"
      },
      {
        "name_uz": "Mas'ul xodim FISh",
        "name_ru": "Oтветственный сотрудник ФИО",
        "name_en": "Responsible officer name",
        "value_uz": "Kamilova Ziyoda Abdurahimovna",
        "value_ru": "Камилова Зиеда Абдурахимовна",
        "value_en": "Kamilova Ziyoda Abdurahimovna"
      },
      {
        "name_uz": "Telefon raqami:",
        "name_ru": "Номер телефона:",
        "name_en": "Phone number:",
        "value_uz": "+99871 202 80 41",
        "value_ru": "+99871 202 80 41",
        "value_en": "+99871 202 80 41"
      },
      {
        "name_uz": "Elektron pohcta",
        "name_ru": "Электронная почта",
        "name_en": "Email",
        "value_uz": "z.kamilova@stat.uz",
        "value_ru": "z.kamilova@stat.uz",
        "value_en": "z.kamilova@stat.uz"
      },
      {
        "name_uz": "Izoh",
        "name_ru": "Примечание",
        "name_en": "Note",
        "value_uz": "Norasmiy iqtisodiyot – uy xo‘jaliklari yoki jismoniy shaxslar tomonidan belgilangan tartibda ro‘yxatdan o‘tmagan holda amalga oshiriladigan ishlab chiqarish (xizmat ko‘rsatish) bilan bog‘liq iqtisodiy faoliyat; Kuzatilmaydigan iqtisodiyot – doimiy statistika kuzatuvlarida to‘liq yoki qisman qamrab olinmagan, shuningdek, statistika ko‘rsatkichlarida aks ettirishda bilvosita usullar orqali baholanadigan iqtisodiy faoliyat turlari.",
        "value_ru": "Неформальная экономика – экономическая деятельность, связанная с производством продукции (оказанием услуг), осуществляемая домашними хозяйствами или физическими лицами без регистрации в установленном порядке; Ненаблюдаемая экономика – виды экономической деятельности, которые полностью или частично не охвачены регулярными статистическими наблюдениями, а также оцениваются косвенными методами при отражении в статистических показателях.",
        "value_en": "Informal economy - economic activity related to the production of goods (provision of services), carried out by households or individuals without registration in the established manner;  Non-observed economy - types of economic activity that are not fully or partially covered by regular statistical observations, and are also estimated by indirect methods when reflected in statistical indicators."
      }
    ],
    "data": [
      {
        "2017": 134788.6,
        "2018": 162631.7,
        "2019": 185205,
        "2020": 206868.1,
        "2021": 243544.9,
        "2022": 271275.8,
        "2023": 320201.7,
        "2024": 383643.7,
        "Code": "1700",
        "Klassifikator": "O‘zbekiston Respublikasi",
        "Klassifikator_ru": "Республика Узбекистан",
        "Klassifikator_en": "Republic of Uzbekistan"
      },
      {
        "2017": 4747.3,
        "2018": 6097,
        "2019": 6908.6,
        "2020": 7784.1,
        "2021": 9030.6,
        "2022": 10330.2,
        "2023": 12146.2,
        "2024": 14393.6,
        "Code": "1735",
        "Klassifikator": "Qoraqalpog‘iston Respublikasi",
        "Klassifikator_ru": "Республика Каракалпакстан",
        "Klassifikator_en": "Republic of Karakalpakstan"
      },
      {
        "2017": 12359.8,
        "2018": 14493.4,
        "2019": 16745.8,
        "2020": 18091.4,
        "2021": 20858.4,
        "2022": 24195.4,
        "2023": 28635.1,
        "2024": 32489.9,
        "Code": "1703",
        "Klassifikator": "Andijon viloyati",
        "Klassifikator_ru": "Андижанская область",
        "Klassifikator_en": "Andijan region"
      },
      {
        "2017": 10229.4,
        "2018": 12817.3,
        "2019": 14266.5,
        "2020": 16568.4,
        "2021": 19382.2,
        "2022": 21107,
        "2023": 25209.8,
        "2024": 29413.4,
        "Code": "1706",
        "Klassifikator": "Buxoro viloyati",
        "Klassifikator_ru": "Бухарская область",
        "Klassifikator_en": "Bukhara region"
      },
      {
        "2017": 6147,
        "2018": 8116.2,
        "2019": 8963.3,
        "2020": 10065.1,
        "2021": 12164.7,
        "2022": 13239,
        "2023": 15399.5,
        "2024": 17504.5,
        "Code": "1708",
        "Klassifikator": "Jizzax viloyati",
        "Klassifikator_ru": "Джизакская область",
        "Klassifikator_en": "Jizzakh region"
      },
      {
        "2017": 12129.1,
        "2018": 14454.8,
        "2019": 16602.1,
        "2020": 19133,
        "2021": 21846.3,
        "2022": 23925.5,
        "2023": 28628.5,
        "2024": 33364.9,
        "Code": "1710",
        "Klassifikator": "Qashqadaryo viloyati",
        "Klassifikator_ru": "Кашкадарьинская область",
        "Klassifikator_en": "Kashkadarya region"
      },
      {
        "2017": 5948.9,
        "2018": 7504.3,
        "2019": 8837.1,
        "2020": 10035.5,
        "2021": 12109.3,
        "2022": 12903.5,
        "2023": 15704.9,
        "2024": 18667.2,
        "Code": "1712",
        "Klassifikator": "Navoiy viloyati",
        "Klassifikator_ru": "Навоийская область",
        "Klassifikator_en": "Navoi region"
      },
      {
        "2017": 9513.2,
        "2018": 10853.6,
        "2019": 12802.8,
        "2020": 14812.5,
        "2021": 17427.1,
        "2022": 19583.2,
        "2023": 22227,
        "2024": 25884.2,
        "Code": "1714",
        "Klassifikator": "Namangan viloyati",
        "Klassifikator_ru": "Наманганская область",
        "Klassifikator_en": "Namangan region"
      },
      {
        "2017": 15100.8,
        "2018": 17671.6,
        "2019": 19489.8,
        "2020": 20909.9,
        "2021": 25034.7,
        "2022": 27203.4,
        "2023": 32365,
        "2024": 38678.5,
        "Code": "1718",
        "Klassifikator": "Samarqand viloyati",
        "Klassifikator_ru": "Самаркандская область",
        "Klassifikator_en": "Samarkand region"
      },
      {
        "2017": 9308.1,
        "2018": 11622.5,
        "2019": 12838.3,
        "2020": 14007,
        "2021": 16587.5,
        "2022": 18718,
        "2023": 22357.9,
        "2024": 25401.3,
        "Code": "1722",
        "Klassifikator": "Surxondaryo viloyati",
        "Klassifikator_ru": "Сурхандарьинская область",
        "Klassifikator_en": "Surkhandarya region"
      },
      {
        "2017": 3451.2,
        "2018": 4073.3,
        "2019": 4773.7,
        "2020": 5193.8,
        "2021": 5704.6,
        "2022": 6102,
        "2023": 7394.1,
        "2024": 8642.1,
        "Code": "1724",
        "Klassifikator": "Sirdaryo viloyati",
        "Klassifikator_ru": "Сырдарьинская область",
        "Klassifikator_en": "Syrdarya region"
      },
      {
        "2017": 13515.9,
        "2018": 15753.2,
        "2019": 18100.1,
        "2020": 21434.7,
        "2021": 25378.1,
        "2022": 28320.4,
        "2023": 34344.6,
        "2024": 42036.9,
        "Code": "1727",
        "Klassifikator": "Toshkent viloyati",
        "Klassifikator_ru": "Ташкентская область",
        "Klassifikator_en": "Tashkent region"
      },
      {
        "2017": 11435.6,
        "2018": 14270.5,
        "2019": 15401.8,
        "2020": 16665.9,
        "2021": 21129.4,
        "2022": 24099.8,
        "2023": 27764.1,
        "2024": 32049.6,
        "Code": "1730",
        "Klassifikator": "Farg‘ona  viloyati",
        "Klassifikator_ru": "Ферганская область",
        "Klassifikator_en": "Fergana region"
      },
      {
        "2017": 7325.9,
        "2018": 9449.2,
        "2019": 10568.2,
        "2020": 11950.5,
        "2021": 14300.3,
        "2022": 16157.3,
        "2023": 18678.3,
        "2024": 21807.4,
        "Code": "1733",
        "Klassifikator": "Xorazm viloyati",
        "Klassifikator_ru": "Хорезмская область",
        "Klassifikator_en": "Khorezm region"
      },
      {
        "2017": 13574.6,
        "2018": 15452.6,
        "2019": 18904.6,
        "2020": 20214,
        "2021": 22570.8,
        "2022": 25365.8,
        "2023": 29318.4,
        "2024": 43276.8,
        "Code": "1726",
        "Klassifikator": "Toshkent shahri",
        "Klassifikator_ru": "город Ташкент",
        "Klassifikator_en": "Tashkent city"
      }
    ]
  }
]