[
  {
    "metadata": [
      {
        "name_uz": "Birinchi chop etilgan sana",
        "name_ru": "Дата первой публикации",
        "name_en": "Date of first publication",
        "value_uz": "2024-08-06",
        "value_ru": "2024-08-06",
        "value_en": "2024-08-06"
      },
      {
        "name_uz": "So'nggi o'zgartirilgan sana",
        "name_ru": "Дата последнего изменения",
        "name_en": "Last modified date",
        "value_uz": "2024-08-21",
        "value_ru": "2024-08-21",
        "value_en": "2024-08-21"
      },
      {
        "name_uz": "Ma'lumotlar to'plami identifikatsiya raqami (kodi)",
        "name_ru": "Идентификационный номер индикатора (код)",
        "name_en": "Indicator identification number (code)",
        "value_uz": "1.01.08.0001",
        "value_ru": "1.01.08.0001",
        "value_en": "1.01.08.0001"
      },
      {
        "name_uz": "Ma'lumotlar to'plami nomi",
        "name_ru": "Имя индикатора",
        "name_en": "Indicator name",
        "value_uz": "Norasmiy iqtisodiyot hajmi",
        "value_ru": "Объем неформальной экономики",
        "value_en": "Volume of informal economy"
      },
      {
        "name_uz": "Davriyligi",
        "name_ru": "Периодичность",
        "name_en": "Periodicity",
        "value_uz": "yillik",
        "value_ru": "ежегодный",
        "value_en": "annual"
      },
      {
        "name_uz": "O‘lchov birligi",
        "name_ru": "Единица измерения",
        "name_en": "Unit of measurement",
        "value_uz": "milliy valyutada, mlrd. so`m",
        "value_ru": "национальная валюта, млрд.сум.",
        "value_en": "national currency, billion soums"
      },
      {
        "name_uz": "Klassifikatorlar",
        "name_ru": "Классификаторы",
        "name_en": "Classifiers",
        "value_uz": "O'zbekiston Respublikasi iqtisodiy faoliyat turlari tasniflagichi (IFUT-2)",
        "value_ru": "Классификатор видов экономической деятельности Республики Узбекистан (ОКЭД-2)",
        "value_en": "Classification on kinds of economic activities of the Republic of Uzbekistan (NACE Rev.2)"
      },
      {
        "name_uz": "Rasmiy statistika tayyorlovchi",
        "name_ru": "Составитель официальной статистики",
        "name_en": "Official statistics preparer",
        "value_uz": "O‘zbekiston Respublikasi Prezidenti huzuridagi Statistika agentligi",
        "value_ru": "Агентство статистики при Президенте Республики Узбекистан",
        "value_en": "Statistics Agency under the President of the Republic of Uzbekistan"
      },
      {
        "name_uz": "Birlamchi ma'`lumot manbasi",
        "name_ru": "Первичный источник информации",
        "name_en": "Primary source of information",
        "value_uz": "Kuzatuvlar va ma'muriy ma'lumotlar",
        "value_ru": "Обследования и административные данные",
        "value_en": "Surveys and administrative data"
      },
      {
        "name_uz": "Hisoblash metodikasi",
        "name_ru": "Методы расчета",
        "name_en": "Calculation methodology",
        "value_uz": "https://lib.stat.uz/uz/features/milliy-hisoblar/842-kuzatilmaydigan-iqtisodiyotni-statistik-baholash-bo-yicha-uslubiy-nizom",
        "value_ru": "https://lib.stat.uz/ru/features-3/natsionalnye-scheta/843-kuzatilmaydigan-iqtisodiyotni-statistik-baholash-bo-yicha-uslubiy-nizom-2",
        "value_en": "https://lib.stat.uz/ru/features-3/natsionalnye-scheta/843-kuzatilmaydigan-iqtisodiyotni-statistik-baholash-bo-yicha-uslubiy-nizom-2"
      },
      {
        "name_uz": "Mas'ul boshqarma nomi",
        "name_ru": "Ответственное управление",
        "name_en": "Name of department",
        "value_uz": "Makroiqtisodiy indikatorlar va milliy hisoblar boshqarmasi",
        "value_ru": "Управление макроэкономических индикаторов и национальных счетов",
        "value_en": "Department of Macroeconomic Indicators and National Accounts"
      },
      {
        "name_uz": "Mas'ul xodim FISh",
        "name_ru": "Oтветственный сотрудник ФИО",
        "name_en": "Responsible officer name",
        "value_uz": "Kamilova Ziyoda Abdurahimovna",
        "value_ru": "Камилова Зиеда Абдурахимовна",
        "value_en": "Kamilova Ziyoda Abdurahimovna"
      },
      {
        "name_uz": "Telefon raqami:",
        "name_ru": "Номер телефона:",
        "name_en": "Phone number:",
        "value_uz": "+99871 202 80 41",
        "value_ru": "+99871 202 80 41",
        "value_en": "+99871 202 80 41"
      },
      {
        "name_uz": "Elektron pohcta",
        "name_ru": "Электронная почта",
        "name_en": "Email",
        "value_uz": "z.kamilova@stat.uz",
        "value_ru": "z.kamilova@stat.uz",
        "value_en": "z.kamilova@stat.uz"
      },
      {
        "name_uz": "Izoh",
        "name_ru": "Примечание",
        "name_en": "Note",
        "value_uz": "Norasmiy iqtisodiyot – uy xo‘jaliklari yoki jismoniy shaxslar tomonidan belgilangan tartibda ro‘yxatdan o‘tmagan holda amalga oshiriladigan ishlab chiqarish (xizmat ko‘rsatish) bilan bog‘liq iqtisodiy faoliyat; Kuzatilmaydigan iqtisodiyot – doimiy statistika kuzatuvlarida to‘liq yoki qisman qamrab olinmagan, shuningdek, statistika ko‘rsatkichlarida aks ettirishda bilvosita usullar orqali baholanadigan iqtisodiy faoliyat turlari.",
        "value_ru": "Неформальная экономика – экономическая деятельность, связанная с производством продукции (оказанием услуг), осуществляемая домашними хозяйствами или физическими лицами без регистрации в установленном порядке; Ненаблюдаемая экономика – виды экономической деятельности, которые полностью или частично не охвачены регулярными статистическими наблюдениями, а также оцениваются косвенными методами при отражении в статистических показателях.",
        "value_en": "Informal economy - economic activity related to the production of goods (provision of services), carried out by households or individuals without registration in the established manner;  Non-observed economy - types of economic activity that are not fully or partially covered by regular statistical observations, and are also estimated by indirect methods when reflected in statistical indicators."
      }
    ],
    "data": [
      {
        "2017": 134788.6,
        "2018": 162631.7,
        "2019": 185205,
        "2020": 206868.1,
        "2021": 243544.9,
        "2022": 271275.8,
        "2023": 320201.7,
        "2024": 383643.7,
        "Code": "jami",
        "Klassifikator": "JAMI",
        "Klassifikator_ru": "ВСЕГО",
        "Klassifikator_en": "TOTAL"
      },
      {
        "2017": 62048.4,
        "2018": 80262.7,
        "2019": 88550.4,
        "2020": 100736,
        "2021": 118850.1,
        "2022": 129895.6,
        "2023": 152703.7,
        "2024": 169526.7,
        "Code": "A",
        "Klassifikator": "Qishloq, o‘rmon vа bаliq xo‘jаligi",
        "Klassifikator_ru": "Сельское, лесное и рыбное хозяйство",
        "Klassifikator_en": "Agriculture, forestry and fisheries"
      },
      {
        "2017": 11138.8,
        "2018": 10809.2,
        "2019": 13772.9,
        "2020": 13904.8,
        "2021": 12422.7,
        "2022": 11760.8,
        "2023": 14510,
        "2024": 18665.5,
        "Code": "B,C,D,E",
        "Klassifikator": "Sanoat",
        "Klassifikator_ru": "Промышленность",
        "Klassifikator_en": "Industry"
      },
      {
        "2017": 52210.2,
        "2018": 60382.8,
        "2019": 69501,
        "2020": 76544.5,
        "2021": 92532.9,
        "2022": 107006.9,
        "2023": 126425.1,
        "2024": 165136.8,
        "Code": "G,I,H,J,K,L,M,N,O,P,Q,R,S",
        "Klassifikator": "Xizmatlar",
        "Klassifikator_ru": "Услуги",
        "Klassifikator_en": "Services"
      },
      {
        "2017": 9391.3,
        "2018": 11177,
        "2019": 13380.8,
        "2020": 15682.8,
        "2021": 19739.2,
        "2022": 22612.5,
        "2023": 26562.9,
        "2024": 30314.7,
        "Code": "F",
        "Klassifikator": "Qurilish",
        "Klassifikator_ru": "Строительство",
        "Klassifikator_en": "Construction"
      }
    ]
  }
]