[
  {
    "metadata": [
      {
        "name_uz": "Birinchi chop etilgan sana",
        "name_ru": "Дата первой публикации",
        "name_en": "Date of first publication",
        "value_uz": "2023-06-22",
        "value_ru": "2023-06-22",
        "value_en": "2023-06-22"
      },
      {
        "name_uz": "So'nggi o'zgartirilgan sana",
        "name_ru": "Дата последнего изменения",
        "name_en": "Last modified date",
        "value_uz": "2024-11-25",
        "value_ru": "2024-11-25",
        "value_en": "2024-11-25"
      },
      {
        "name_uz": "Ma'lumotlar to'plami identifikatsiya raqami (kodi)",
        "name_ru": "Идентификационный номер индикатора (код)",
        "name_en": "Indicator identification number (code)",
        "value_uz": "1.01.02.0038",
        "value_ru": "1.01.02.0038",
        "value_en": "1.01.02.0038"
      },
      {
        "name_uz": "Ma'lumotlar to‘plami nomi",
        "name_ru": "Имя индикатора",
        "name_en": "Indicator name",
        "value_uz": "Yalpi ichki mahsulot (yakuniy iste’mol usulida, doimiy narxlarda, choraklik)",
        "value_ru": "Валовой внутренний продукт (по методу конечного использования, в постоянных ценах, квартальные)",
        "value_en": "Gross domestic product (by expenditures method, at constant prices, quarterly)"
      },
      {
        "name_uz": "Davriyligi",
        "name_ru": "Периодичность",
        "name_en": "Periodicity",
        "value_uz": "choraklik",
        "value_ru": "квартальный",
        "value_en": "quarterly"
      },
      {
        "name_uz": "O‘lchov birligi",
        "name_ru": "Единица измерения",
        "name_en": "Unit of measurement",
        "value_uz": "o'tgan yil narxlarida, milliy valyuta, mlrd. so`m",
        "value_ru": "в ценах предыдущего года, национальная валюта, млрд.сум.",
        "value_en": "previous year prices, national currency, billion soums"
      },
      {
        "name_uz": "Klassifikatorlar",
        "name_ru": "Классификаторы",
        "name_en": "Classifiers",
        "value_uz": "Davlat organlari funksiyalarining tasnifi (DOFT), maqsadlar bo'yicha individual iste'mol tasnifi (MIIT), uy xo'jaliklariga xizmat ko'rsatadigan notijorat tashkilotlarning maqsadlari tasnifi (UXXKNTMT), asosiy vositalar tasniflagichi (AVT), tashqi iqtisodiy faoliyatning tovarlar nomenklaturasi (TIF TN)",
        "value_ru": "Классификация функций органов государственного управления (КФОГУ), классификация индивидуального потребления по целям (КИПЦ), классификация целей некоммерческих организаций, обслуживающих домашние хозяйства (КЦНО), класификатор основных фондов (КОФ), товарная номенклатура внешнеэкономической деятельности (ТН ВЭД)",
        "value_en": "Classification of functions of government (COFOG), classification of individual consumption by purpose (COICOP), classification of purposes of non-profit institutions serving households (COPNI), classifier of fixed assets (CFA), harmonized System (HS) Codes"
      },
      {
        "name_uz": "Hisob kitobni amalga oshirgan tashkilot nomi",
        "name_ru": "Название организации, осуществивший расчёт",
        "name_en": "Name of the organization that carried out the calculation",
        "value_uz": "O‘zbekiston Respublikasi Prezidenti huzuridagi Statistika agentligi",
        "value_ru": "Агентство статистики при Президенте Республики Узбекистан",
        "value_en": "Statistics Agency under the President of the Republic of Uzbekistan"
      },
      {
        "name_uz": "Birlamchi ma'`lumot manbasi",
        "name_ru": "Первичный источник информации",
        "name_en": "Primary source of information",
        "value_uz": "Hisobot va statistik kuzatuv ma'lumotlari, ma'muriy ma'lumotlar",
        "value_ru": "Данные отчетности и статистического обследования, административные данные",
        "value_en": "Reporting and statistical survey data, administrative data"
      },
      {
        "name_uz": "Hisoblash metodikasi",
        "name_ru": "Методы расчета",
        "name_en": "Calculation methodology",
        "value_uz": "https://lib.stat.uz/uz/features/milliy-hisoblar/645-yalpi-ichki-mahsulotni-yakuniy-iste-mol-usulida-hisoblash-bo-yicha-uslubiy-nizom-2",
        "value_ru": "https://lib.stat.uz/ru/features-3/natsionalnye-scheta/646-yalpi-ichki-mahsulotni-yakuniy-iste-mol-usulida-hisoblash-bo-yicha-uslubiy-nizom-3",
        "value_en": "https://lib.stat.uz/ru/features-3/natsionalnye-scheta/646-yalpi-ichki-mahsulotni-yakuniy-iste-mol-usulida-hisoblash-bo-yicha-uslubiy-nizom-4"
      },
      {
        "name_uz": "Mas'ul boshqarma nomi",
        "name_ru": "Ответственное управление",
        "name_en": "Name of department",
        "value_uz": "Makroiqtisodiy indikatorlar va milliy hisoblar boshqarmasi",
        "value_ru": "Управление макроэкономических индикаторов и национальных счетов",
        "value_en": "Department of Macroeconomic Indicators and National Accounts"
      },
      {
        "name_uz": "Mas'ul hodim FIO",
        "name_ru": "Oтветственный сотрудник ФИО",
        "name_en": "Responsible officer name",
        "value_uz": "Xamrayev Zafar Mamasaidovich",
        "value_ru": "Хамраев Зафар Мамасаидович",
        "value_en": "Xamrayev Zafar Mamasaidovich"
      },
      {
        "name_uz": "Telefon raqami:",
        "name_ru": "Номер телефона:",
        "name_en": "Phone number:",
        "value_uz": "+99871 202 80 34",
        "value_ru": "+99871 202 80 34",
        "value_en": "+99871 202 80 34"
      },
      {
        "name_uz": "Elektron pohcta",
        "name_ru": "Электронная почта",
        "name_en": "Email",
        "value_uz": "z.xamraev@stat.uz",
        "value_ru": "z.xamraev@stat.uz",
        "value_en": "z.xamraev@stat.uz"
      },
      {
        "name_uz": "Izoh",
        "name_ru": "Примечание",
        "name_en": "Note",
        "value_uz": "2023-2024 yillar uchun dastlabki ma'lumotlar",
        "value_ru": "данные за 2023-2024 годa предварительные",
        "value_en": "for 2023-2024 preliminary data"
      },
      {
        "name_uz": "Izoh",
        "name_ru": "Примечание",
        "name_en": "Note",
        "value_uz": "ma'lumotlar o‘sib boruvchi yakun asosida keltirilgan",
        "value_ru": "данные приведены нарастающим итогом",
        "value_en": "cumulative data"
      },
      {
        "name_uz": "Izoh",
        "name_ru": "Примечание",
        "name_en": "Note",
        "value_uz": "2018- yildan boshlab ma'lumotlar MHT-2008 uslubiyatiga muvofiq, kuzatilmaydigan iqtisodiyotni hisobga olgan holda qayta ko'rib chiqilgan",
        "value_ru": "С 2018 года данные пересмотрены с учетом ненаблюдаемой экономики в соответствии с методологией СНС- 2008",
        "value_en": "Since 2018, the data have been revised taking into account the non-observed economy in accordance with the 2008 SNA methodology"
      },
      {
        "name_uz": "Hisoblash metodikasi (qisqacha)",
        "name_ru": "Методология расчета (кратко)",
        "name_en": "Calculation methodology (briefly)",
        "value_uz": "Doimiy narxlar “Milliy hisoblar tizimi – 2008” xalqaro uslubiyoti bo‘yicha shartli ravishda taqqoslanadigan narxlar bo'lib, o‘tgan yilning mos davri yoki o‘tgan yil narxlaridagi hajmli ko'rsatkichlarni ifodalaydi. Ushbu ko‘rsatkich iqtisodiy tahlillarda narx omilining ta'sirini chiqarib tashlagan holda turli davrdagi hajmlarni solishtirish uchun ishlatiladi.",
        "value_ru": "Согласно международной методологии «Системы национальных счетов – 2008», постоянные цены являются условно сопоставимыми ценами и представляют собой показатели объема в ценах соответствующего периода предыдущего года или предыдущего года. Этот показатель используется в экономическом анализе для сравнения объемов в разные периоды, исключая влияние ценового фактора.",
        "value_en": "According to the international methodology of the \"System of National Accounts - 2008\", constant prices are conditionally comparable prices and represent volume indicators at prices of the corresponding period of the previous year or previous year. This indicator is used in economic analysis to compare volumes in different periods, excluding the influence of the price factor."
      }
    ],
    "data": [
      {
        "Code": "1700",
        "Klassifikator": "O‘zbekiston Respublikasi",
        "Klassifikator_ru": "Республика Узбекистан",
        "Klassifikator_en": "Republic of Uzbekistan",
        "2016-Q1": 43278.9,
        "2016-Q2": 104814.3,
        "2016-Q3": 169763.5,
        "2016-Q4": 234481.8,
        "2017-Q1": 50098.1,
        "2017-Q2": 119500.8,
        "2017-Q3": 192403.1,
        "2017-Q4": 266648.4,
        "2018-Q1": 65733.6,
        "2018-Q2": 158458.4,
        "2018-Q3": 263899.2,
        "2018-Q4": 376269.8,
        "2019-Q1": 93136.2,
        "2019-Q2": 222612.6,
        "2019-Q3": 361197.8,
        "2019-Q4": 505766.1,
        "2020-Q1": 116750.2,
        "2020-Q2": 263887.7,
        "2020-Q3": 425362.7,
        "2020-Q4": 603956.2,
        "2021-Q1": 137824.9,
        "2021-Q2": 320683.2,
        "2021-Q3": 514584.5,
        "2021-Q4": 721712.7,
        "2022-Q1": 160665.3,
        "2022-Q2": 376415,
        "2022-Q3": 613135.9,
        "2022-Q4": 869779.8,
        "2023-Q1": 198902.5,
        "2023-Q2": 472769.4,
        "2023-Q3": 754206.3,
        "2023-Q4": 1058382.5,
        "2024-Q1": 240083.2,
        "2024-Q2": 562407.5,
        "2024-Q3": 897993.1
      }
    ]
  }
]