[
  {
    "metadata": [
      {
        "name_uz": "Birinchi chop etilgan sana",
        "name_ru": "Дата первой публикации",
        "name_en": "Date of first publication",
        "value_uz": "2022-11-30",
        "value_ru": "2022-11-30",
        "value_en": "2022-11-30"
      },
      {
        "name_uz": "So'nggi o'zgartirilgan sana",
        "name_ru": "Дата последнего изменения",
        "name_en": "Last modified date",
        "value_uz": "2024-11-20",
        "value_ru": "2024-11-20",
        "value_en": "2024-11-20"
      },
      {
        "name_uz": "Ma'lumotlar to'plami identifikatsiya raqami (kodi)",
        "name_ru": "Идентификационный номер индикатора (код)",
        "name_en": "Indicator identification number (code)",
        "value_uz": "1.01.01.0044",
        "value_ru": "1.01.01.0044",
        "value_en": "1.01.01.0044"
      },
      {
        "name_uz": "Ma'lumotlar to‘plami nomi",
        "name_ru": "Имя набора данных",
        "name_en": "Data set name",
        "value_uz": "Yalpi ichki mahsulot deflyator indeksi (choraklik)",
        "value_ru": "Индекс-дефлятор валового внутреннего продукта (квартальные)",
        "value_en": "Gross domestic product deflator index (quarterly)"
      },
      {
        "name_uz": "Davriyligi",
        "name_ru": "Периодичность",
        "name_en": "Periodicity",
        "value_uz": "choraklik",
        "value_ru": "квартальный",
        "value_en": "quarterly"
      },
      {
        "name_uz": "O‘lchov birligi",
        "name_ru": "Единица измерения",
        "name_en": "Unit of measurement",
        "value_uz": "o'tgan yilning mos davriga nisbatan foizda",
        "value_ru": "в процентах к соответствующему периоду предыдущего года",
        "value_en": "as a percentage of the corresponding period of the previous year"
      },
      {
        "name_uz": "Rasmiy statistika tayyorlovchi",
        "name_ru": "Составитель официальной статистики",
        "name_en": "Official statistics preparer",
        "value_uz": "O‘zbekiston Respublikasi Prezidenti huzuridagi Statistika agentligi",
        "value_ru": "Агентство статистики при Президенте Республики Узбекистан",
        "value_en": "Statistics Agency under the President of the Republic of Uzbekistan"
      },
      {
        "name_uz": "Birlamchi ma'lumot manbasi",
        "name_ru": "Первичный источник информации",
        "name_en": "Primary source of information",
        "value_uz": "Hisobot va statistika kuzatuvi ma’lumotlari, ma’muriy ma’lumotlar",
        "value_ru": "Данные отчетности и статистического обследования, административные данные",
        "value_en": "Reporting and statistical survey data, administrative data"
      },
      {
        "name_uz": "Hisoblash uslubiyati",
        "name_ru": "Методы расчета",
        "name_en": "Calculation methodology",
        "value_uz": "https://lib.stat.uz/uz/features/milliy-hisoblar/621-yalpi-ichki-mahsulotni-ishlab-chiqarish-usulida-hisoblash-bo-yicha-uslubiy-nizom-2",
        "value_ru": "https://lib.stat.uz/ru/features-3/natsionalnye-scheta/622-yalpi-ichki-mahsulotni-ishlab-chiqarish-usulida-hisoblash-bo-yicha-uslubiy-nizom-3",
        "value_en": "https://lib.stat.uz/ru/features-3/natsionalnye-scheta/622-yalpi-ichki-mahsulotni-ishlab-chiqarish-usulida-hisoblash-bo-yicha-uslubiy-nizom-3"
      },
      {
        "name_uz": "Mas'ul boshqarma nomi",
        "name_ru": "Ответственное управление",
        "name_en": "Name of department",
        "value_uz": "Makroiqtisodiy indikatorlar va milliy hisoblar boshqarmasi",
        "value_ru": "Управление макроэкономических индикаторов и национальных счетов",
        "value_en": "Department of Macroeconomic Indicators and National Accounts"
      },
      {
        "name_uz": "Mas'ul xodim FISh",
        "name_ru": "Oтветственный сотрудник ФИО",
        "name_en": "Responsible officer name",
        "value_uz": "Mexmonov Jahongir Osimxonovich",
        "value_ru": "Мехмонов Жахонгир Осимхонович",
        "value_en": "Mexmonov Jahongir Osimxonovich"
      },
      {
        "name_uz": "Telefon raqami:",
        "name_ru": "Номер телефона:",
        "name_en": "Phone number:",
        "value_uz": "+99871 202 80 32",
        "value_ru": "+99871 202 80 32",
        "value_en": "+99871 202 80 32"
      },
      {
        "name_uz": "Elektron pochta",
        "name_ru": "Электронная почта",
        "name_en": "Email",
        "value_uz": "j.mehmonov@stat.uz",
        "value_ru": "j.mehmonov@stat.uz",
        "value_en": "j.mehmonov@stat.uz"
      },
      {
        "name_uz": "Izoh",
        "name_ru": "Примечание",
        "name_en": "Note",
        "value_uz": "2023-2024 yillar uchun dastlabki ma'lumotlar",
        "value_ru": "данные за 2023-2024 годa предварительные",
        "value_en": "for 2023-2024 preliminary data"
      },
      {
        "name_uz": "Izoh",
        "name_ru": "Примечание",
        "name_en": "Note",
        "value_uz": "ma'lumotlar o‘sib boruvchi yakun asosida keltirilgan",
        "value_ru": "данные приведены нарастающим итогом",
        "value_en": "cumulative data"
      },
      {
        "name_uz": "Izoh",
        "name_ru": "Примечание",
        "name_en": "Note",
        "value_uz": "2018- yildan boshlab ma'lumotlar MHT-2008 uslubiyatiga muvofiq, kuzatilmaydigan iqtisodiyotni hisobga olgan holda qayta ko'rib chiqilgan",
        "value_ru": "С 2018 года данные пересмотрены с учетом ненаблюдаемой экономики в соответствии с методологией СНС- 2008",
        "value_en": "Since 2018, the data have been revised taking into account the non-observed economy in accordance with the 2008 SNA methodology"
      },
      {
        "name_uz": "Hisoblash metodikasi (qisqacha)",
        "name_ru": "Методология расчета (кратко)",
        "name_en": "Calculation methodology (briefly)",
        "value_uz": "Deflyator indeksi “Milliy hisoblar tizimi – 2008” xalqaro uslubiyoti bo‘yicha iqtisodiyotda narxlarning o‘rtacha o‘zgarishini ifodalaydi va nominal qo‘shilgan qiymat hajmini  real qo‘shilgan qiymat hajmiga nisbati orqali hisoblanadi. Yalpi qo‘shilgan qiymat ishlab chiqarilgan tovarlar va xizmatlar qiymati (ishlab chiqarish) va ishlab chiqarish jarayonida to‘laligicha iste’mol qilingan tovarlar va xizmatlar qiymati (oraliq iste’mol) o‘rtasidagi farq orqali aniqlanadi.",
        "value_ru": "Согласно международной методологии «Системы национальных счетов – 2008», индекс-дефлятор представляет собой среднее изменение цен в экономике  и рассчитывается как отношение объема номинальной добавленной стоимости к объему реальной добавленной стоимости. Валовая добавленная стоимость определяется разницей между стоимостью произведенных товаров и услуг (производство) и стоимостью товаров и услуг, полностью потребленных в процессе производства (промежуточное потребление).",
        "value_en": "According to the international methodology of the “System of National Accounts – 2008”, the deflator index represents the average change in prices in the economy and is calculated as the ratio of the volume of nominal value added to the volume of real value added.  Gross value added is determined by the difference between the value of goods and services produced (production) and the value of goods and services completely consumed in the production process (intermediate consumption)."
      }
    ],
    "data": [
      {
        "Code": "1700",
        "Klassifikator": "O‘zbekiston Respublikasi",
        "Klassifikator_ru": "Республика Узбекистан",
        "Klassifikator_en": "Republic of Uzbekistan",
        "2016-Q1": 110.5,
        "2016-Q2": 109.3,
        "2016-Q3": 109,
        "2016-Q4": 108.9,
        "2017-Q1": 107.8,
        "2017-Q2": 110.2,
        "2017-Q3": 115.1,
        "2017-Q4": 119.1,
        "2018-Q1": 132.7,
        "2018-Q2": 131.5,
        "2018-Q3": 128.3,
        "2018-Q4": 125.9,
        "2019-Q1": 119.5,
        "2019-Q2": 117.6,
        "2019-Q3": 117.8,
        "2019-Q4": 117.6,
        "2020-Q1": 112.6,
        "2020-Q2": 112.1,
        "2020-Q3": 111.2,
        "2020-Q4": 110.6,
        "2021-Q1": 110.9,
        "2021-Q2": 112.3,
        "2021-Q3": 113.2,
        "2021-Q4": 113.7,
        "2022-Q1": 116.2,
        "2022-Q2": 117.3,
        "2022-Q3": 115.4,
        "2022-Q4": 114.5,
        "2023-Q1": 113.6,
        "2023-Q2": 111.6,
        "2023-Q3": 111.7,
        "2023-Q4": 113.8,
        "2024-Q1": 113.9,
        "2024-Q2": 112.9,
        "2024-Q3": 113.1,
        "2024-Q4": 113.3
      }
    ]
  }
]