[
  {
    "metadata": [
      {
        "name_uz": "Birinchi chop etilgan sana",
        "name_ru": "Дата первой публикации",
        "name_en": "Date of first publication",
        "value_uz": "2022-11-07",
        "value_ru": "2022-11-07",
        "value_en": "2022-11-07"
      },
      {
        "name_uz": "So'nggi o'zgartirilgan sana",
        "name_ru": "Дата последнего изменения",
        "name_en": "Last modified date",
        "value_uz": "2024-11-20",
        "value_ru": "2024-11-20",
        "value_en": "2024-11-20"
      },
      {
        "name_uz": "Ma'lumotlar to'plami identifikatsiya raqami (kodi)",
        "name_ru": "Идентификационный номер индикатора (код)",
        "name_en": "Indicator identification number (code)",
        "value_uz": "1.01.01.0013",
        "value_ru": "1.01.01.0013",
        "value_en": "1.01.01.0013"
      },
      {
        "name_uz": "Ma'lumotlar to'plami nomi",
        "name_ru": "Имя индикатора",
        "name_en": "Indicator name",
        "value_uz": "Yalpi ichki (hududiy) mahsulot hajmi (choraklik)",
        "value_ru": "Валовой региональный продукт (квартальные)",
        "value_en": "Gross  regional product (quarterly)"
      },
      {
        "name_uz": "Davriyligi",
        "name_ru": "Периодичность",
        "name_en": "Periodicity",
        "value_uz": "choraklik",
        "value_ru": "квартальные",
        "value_en": "quarterly"
      },
      {
        "name_uz": "O‘lchov birligi",
        "name_ru": "Единица измерения",
        "name_en": "Unit of measurement",
        "value_uz": "joriy narxlarda, mlrd.so‘m",
        "value_ru": "в текущих ценах, млрд. сум",
        "value_en": "at current prices, billion soums"
      },
      {
        "name_uz": "Klassifikatorlar",
        "name_ru": "Классификаторы",
        "name_en": "Classifiers",
        "value_uz": "O‘zbekiston Respublikasi Maʼmuriy-hududiy tuzilmalarni (obyektlarni) belgilash tizimi idoraviy statistik tasniflagichi",
        "value_ru": "Ведомственный классификатор Система обозначения административно-территориальных образований (объектов) Республики Узбекистан (СОАТО)",
        "value_en": "Departmental classifier Designation system for administrative-territorial entities of the Republic of Uzbekistan"
      },
      {
        "name_uz": "Hisob-kitob amalga oshirgan tashkilot nomi",
        "name_ru": "Название организации, осуществившей расчёт",
        "name_en": "Name of the organization that carried out the calculation",
        "value_uz": "O‘zbekiston Respublikasi Prezidenti huzuridagi Statistika agentligi",
        "value_ru": "Агентство статистики при Президенте Республики Узбекистан",
        "value_en": "Statistics Agency under the President of the Republic of Uzbekistan"
      },
      {
        "name_uz": "Manba",
        "name_ru": "Источник",
        "name_en": "Source",
        "value_uz": "Hisobot va statistika kuzatuvi ma’lumotlari, ma’muriy ma’lumotlar",
        "value_ru": "Данные отчетности и статистического обследования, административные данные",
        "value_en": "Reporting and statistical survey data, administrative data"
      },
      {
        "name_uz": "Hisoblash uslubiyati",
        "name_ru": "Методы расчета",
        "name_en": "Calculation methodology",
        "value_uz": "https://lib.stat.uz/uz/features/milliy-hisoblar/211-yalpi-hududiy-mahsulotni-ishlab-chiqarish-usulida-hisoblash-bo-yicha-uslubiy-nizom",
        "value_ru": "https://lib.stat.uz/ru/features-3/natsionalnye-scheta/288-metodicheskie-polozheniya-po-raschetu-valovogo-vnutrennego-produkta-proizvodstvennym-metodom",
        "value_en": "https://lib.stat.uz/ru/features-3/natsionalnye-scheta/288-metodicheskie-polozheniya-po-raschetu-valovogo-vnutrennego-produkta-proizvodstvennym-metodom"
      },
      {
        "name_uz": "Mas'ul boshqarma nomi",
        "name_ru": "Ответственное управление",
        "name_en": "Name of department",
        "value_uz": "Makroiqtisodiy indikatorlar va milliy hisoblar boshqarmasi",
        "value_ru": "Управление макроэкономических индикаторов и национальных счетов",
        "value_en": "Department on Macroeconomic Indicators and National Accounts"
      },
      {
        "name_uz": "Mas'ul xodim FISh",
        "name_ru": "Oтветственный сотрудник ФИО",
        "name_en": "Responsible officer name",
        "value_uz": "Mexmonov Jahongir Osimxonovich",
        "value_ru": "Мехмонов Жахонгир Осимхонович",
        "value_en": "Mexmonov Jahongir Osimxonovich"
      },
      {
        "name_uz": "Telefon raqami:",
        "name_ru": "Номер телефона:",
        "name_en": "Phone number:",
        "value_uz": "+99871 202 80 32",
        "value_ru": "+99871 202 80 32",
        "value_en": "+99871 202 80 32"
      },
      {
        "name_uz": "Elektron pochta",
        "name_ru": "Электронная почта",
        "name_en": "Email",
        "value_uz": "j.mehmonov@stat.uz",
        "value_ru": "j.mehmonov@stat.uz",
        "value_en": "j.mehmonov@stat.uz"
      },
      {
        "name_uz": "Izoh",
        "name_ru": "Примечание",
        "name_en": "Note",
        "value_uz": "2023-2024 yillar uchun dastlabki ma'lumotlar",
        "value_ru": "данные за 2023-2024 годa предварительные",
        "value_en": "for 2023-2024 preliminary data"
      },
      {
        "name_uz": "Izoh",
        "name_ru": "Примечание",
        "name_en": "Note",
        "value_uz": "ma'lumotlar o‘sib boruvchi yakun asosida keltirilgan",
        "value_ru": "данные приведены нарастающим итогом",
        "value_en": "cumulative data"
      },
      {
        "name_uz": "Izoh",
        "name_ru": "Примечание",
        "name_en": "Note",
        "value_uz": "2017- yildan boshlab ma'lumotlar MHT-2008 uslubiyatiga muvofiq, kuzatilmaydigan iqtisodiyotni hisobga olgan holda qayta ko'rib chiqilgan",
        "value_ru": "С 2017 года данные пересмотрены с учетом ненаблюдаемой экономики в соответствии с методологией СНС- 2008",
        "value_en": "Since 2017,  the data have been revised taking into account the non-observed economy in accordance with the 2008 SNA methodology"
      },
      {
        "name_uz": "Izoh",
        "name_ru": "Примечание",
        "name_en": "Note",
        "value_uz": "hududlar bo`yicha taqsimlanmagan ma`lumotlarni qo`shgan holda",
        "value_ru": "включая нераспределенные данные по регионам",
        "value_en": "including unallocated data by region"
      },
      {
        "name_uz": "Hisoblash metodikasi (qisqacha)",
        "name_ru": "Методология расчета (кратко)",
        "name_en": "Calculation methodology (briefly)",
        "value_uz": "Yalpi ichki mahsulot “Milliy hisoblar tizimi – 2008” xalqaro uslubiyoti bo‘yicha iqtisodiy rezident-birliklar ishlab chiqarish faoliyatining yakuniy natijasini ifodalovchi va ushbu birliklar tomonidan yakuniy foydalanish uchun ishlab chiqarilgan tovarlar va xizmatlar qiymati orqali o‘lchanadi.  Yalpi qo‘shilgan qiymat ishlab chiqarilgan tovarlar va xizmatlar qiymati (ishlab chiqarish) va ishlab chiqarish jarayonida to‘laligicha iste’mol qilingan tovarlar va xizmatlar qiymati (oraliq iste’mol) o‘rtasidagi farq orqali aniqlanadi. YAIM yalpi qo‘shilgan qiymatga mahsulotlar uchun sof soliqlarni qo‘shgan holda aniqlanadi.",
        "value_ru": "В соответствии с международной методологией «Система национальных счетов - 2008», валовой внутренний продукт измеряется стоимостью товаров и услуг, которые представляют собой конечный результат производственной деятельности экономических единиц-резидентов и производятся для конечного использования этими единицами .  Валовая добавленная стоимость определяется разницей между стоимостью произведенных товаров и услуг (производство) и стоимостью товаров и услуг, полностью потребленных в процессе производства (промежуточное потребление). ВВП определяется путем прибавления чистых налогов на продукты к валовой добавленной стоимости.",
        "value_en": "In accordance with the international methodology \"System of National Accounts - 2008\", the gross domestic product is measured by the value of goods and services that represent the final result of the production activity of resident economic units and are produced for final use by these units.  Gross value added is determined by the difference between the value of goods and services produced (production) and the value of goods and services completely consumed in the production process (intermediate consumption).  GDP is determined by adding net taxes on products to gross value added."
      }
    ],
    "data": [
      {
        "Code": "1700",
        "Klassifikator": "O‘zbekiston Respublikasi",
        "Klassifikator_ru": "Республика Узбекистан",
        "Klassifikator_en": "Republic of Uzbekistan",
        "2016-Q1": 47816.2,
        "2016-Q2": 114568,
        "2016-Q3": 185109.8,
        "2016-Q4": 255421.9,
        "2017-Q1": 62077.9,
        "2017-Q2": 149230.3,
        "2017-Q3": 249038.6,
        "2017-Q4": 356453.8,
        "2018-Q1": 87230.8,
        "2018-Q2": 208348.5,
        "2018-Q3": 338469.1,
        "2018-Q4": 473652.8,
        "2019-Q1": 111336.4,
        "2019-Q2": 261857.4,
        "2019-Q3": 425494.6,
        "2019-Q4": 594659.6,
        "2020-Q1": 131513.6,
        "2020-Q2": 295785.7,
        "2020-Q3": 473124.6,
        "2020-Q4": 668038,
        "2021-Q1": 152906.3,
        "2021-Q2": 360046.3,
        "2021-Q3": 582260,
        "2021-Q4": 820536.6,
        "2022-Q1": 186691.6,
        "2022-Q2": 441482.9,
        "2022-Q3": 707857,
        "2022-Q4": 995573.1,
        "2023-Q1": 225971.8,
        "2023-Q2": 527658.7,
        "2023-Q3": 842711.4,
        "2023-Q4": 1204485.4,
        "2024-Q1": 273364.9,
        "2024-Q2": 634753,
        "2024-Q3": 1015331.8,
        "2024-Q4": 1454573.9
      },
      {
        "Code": "1735",
        "Klassifikator": "Qoraqalpog‘iston Respublikasi",
        "Klassifikator_ru": "Республика Каракалпакстан",
        "Klassifikator_en": "Republic of Karakalpakstan",
        "2016-Q1": 1663.3,
        "2016-Q2": 3600.9,
        "2016-Q3": 6023.7,
        "2016-Q4": 8568.3,
        "2017-Q1": 2464.7,
        "2017-Q2": 5410.4,
        "2017-Q3": 9070.4,
        "2017-Q4": 13292.6,
        "2018-Q1": 3715,
        "2018-Q2": 8111.1,
        "2018-Q3": 13162.9,
        "2018-Q4": 18761,
        "2019-Q1": 4372.1,
        "2019-Q2": 9975.4,
        "2019-Q3": 16126.3,
        "2019-Q4": 23392.7,
        "2020-Q1": 5038.4,
        "2020-Q2": 10758.9,
        "2020-Q3": 17311.6,
        "2020-Q4": 25523.4,
        "2021-Q1": 5937,
        "2021-Q2": 13188.9,
        "2021-Q3": 20800.2,
        "2021-Q4": 29738.2,
        "2022-Q1": 6731.5,
        "2022-Q2": 15285,
        "2022-Q3": 24460.9,
        "2022-Q4": 35541.6,
        "2023-Q1": 7299.2,
        "2023-Q2": 16188.8,
        "2023-Q3": 26219.2,
        "2023-Q4": 39166.2,
        "2024-Q1": 8635.9,
        "2024-Q2": 19238,
        "2024-Q3": 30858.7,
        "2024-Q4": 45658.5
      },
      {
        "Code": "1703",
        "Klassifikator": "Andijon viloyati",
        "Klassifikator_ru": "Андижанская область",
        "Klassifikator_en": "Andijan region",
        "2016-Q1": 2435.5,
        "2016-Q2": 6704.4,
        "2016-Q3": 11047.2,
        "2016-Q4": 16115.6,
        "2017-Q1": 3292.2,
        "2017-Q2": 9432.8,
        "2017-Q3": 15479.4,
        "2017-Q4": 22437.3,
        "2018-Q1": 4419.6,
        "2018-Q2": 12370.8,
        "2018-Q3": 20673.2,
        "2018-Q4": 30513.9,
        "2019-Q1": 5999.3,
        "2019-Q2": 15952.8,
        "2019-Q3": 26605.1,
        "2019-Q4": 38052.1,
        "2020-Q1": 7160.9,
        "2020-Q2": 18420.9,
        "2020-Q3": 29986.5,
        "2020-Q4": 42623.6,
        "2021-Q1": 7621.3,
        "2021-Q2": 20562.1,
        "2021-Q3": 33429.1,
        "2021-Q4": 48894.3,
        "2022-Q1": 9642.4,
        "2022-Q2": 26325,
        "2022-Q3": 42234.2,
        "2022-Q4": 62981.4,
        "2023-Q1": 11253.3,
        "2023-Q2": 30983.8,
        "2023-Q3": 51827.1,
        "2023-Q4": 77337.9,
        "2024-Q1": 14675.7,
        "2024-Q2": 37323.8,
        "2024-Q3": 61187.7,
        "2024-Q4": 90522.1
      },
      {
        "Code": "1706",
        "Klassifikator": "Buxoro viloyati",
        "Klassifikator_ru": "Бухарская область",
        "Klassifikator_en": "Bukhara region",
        "2016-Q1": 2424.8,
        "2016-Q2": 6311.9,
        "2016-Q3": 10239.7,
        "2016-Q4": 14390.7,
        "2017-Q1": 3167.2,
        "2017-Q2": 8402.4,
        "2017-Q3": 13786.8,
        "2017-Q4": 19497.4,
        "2018-Q1": 3684.1,
        "2018-Q2": 10482.7,
        "2018-Q3": 17527.8,
        "2018-Q4": 24883.4,
        "2019-Q1": 5279.8,
        "2019-Q2": 13490.2,
        "2019-Q3": 21996,
        "2019-Q4": 31894.8,
        "2020-Q1": 6065.6,
        "2020-Q2": 15307.7,
        "2020-Q3": 24577.3,
        "2020-Q4": 35320,
        "2021-Q1": 6885.3,
        "2021-Q2": 18350.4,
        "2021-Q3": 30251.1,
        "2021-Q4": 43069.7,
        "2022-Q1": 8070.4,
        "2022-Q2": 21920.6,
        "2022-Q3": 36097,
        "2022-Q4": 51728,
        "2023-Q1": 10032.8,
        "2023-Q2": 25921,
        "2023-Q3": 41880.8,
        "2023-Q4": 61242.6,
        "2024-Q1": 11779.6,
        "2024-Q2": 29577.9,
        "2024-Q3": 48744.2,
        "2024-Q4": 71560.4
      },
      {
        "Code": "1708",
        "Klassifikator": "Jizzax viloyati",
        "Klassifikator_ru": "Джизакская область",
        "Klassifikator_en": "Jizzakh region",
        "2016-Q1": 1345.1,
        "2016-Q2": 3162.9,
        "2016-Q3": 5578,
        "2016-Q4": 7767.1,
        "2017-Q1": 1796.5,
        "2017-Q2": 4205.5,
        "2017-Q3": 7414.4,
        "2017-Q4": 10782.5,
        "2018-Q1": 2283.2,
        "2018-Q2": 5679.4,
        "2018-Q3": 9891.2,
        "2018-Q4": 14168.2,
        "2019-Q1": 2894.2,
        "2019-Q2": 7166.3,
        "2019-Q3": 12524.8,
        "2019-Q4": 18047.3,
        "2020-Q1": 3368.6,
        "2020-Q2": 8179.4,
        "2020-Q3": 13869.7,
        "2020-Q4": 20249.8,
        "2021-Q1": 3986.6,
        "2021-Q2": 10124.8,
        "2021-Q3": 17540.9,
        "2021-Q4": 25632.4,
        "2022-Q1": 4818.9,
        "2022-Q2": 12262.3,
        "2022-Q3": 21015,
        "2022-Q4": 30367,
        "2023-Q1": 6175.3,
        "2023-Q2": 15502.1,
        "2023-Q3": 26206.6,
        "2023-Q4": 37383.2,
        "2024-Q1": 7325.1,
        "2024-Q2": 18235.5,
        "2024-Q3": 30320.9,
        "2024-Q4": 43057.9
      },
      {
        "Code": "1710",
        "Klassifikator": "Qashqadaryo viloyati",
        "Klassifikator_ru": "Кашкадарьинская область",
        "Klassifikator_en": "Kashkadarya region",
        "2016-Q1": 3592.2,
        "2016-Q2": 9293.6,
        "2016-Q3": 14907.4,
        "2016-Q4": 20163.9,
        "2017-Q1": 4263.5,
        "2017-Q2": 10816,
        "2017-Q3": 17593.6,
        "2017-Q4": 25263.5,
        "2018-Q1": 5257.4,
        "2018-Q2": 13439.9,
        "2018-Q3": 21592,
        "2018-Q4": 30575.1,
        "2019-Q1": 6856.2,
        "2019-Q2": 17008.3,
        "2019-Q3": 26903.9,
        "2019-Q4": 37532,
        "2020-Q1": 7200.7,
        "2020-Q2": 17970.4,
        "2020-Q3": 28892.5,
        "2020-Q4": 40829.7,
        "2021-Q1": 8690.8,
        "2021-Q2": 21983.7,
        "2021-Q3": 35674,
        "2021-Q4": 49397.5,
        "2022-Q1": 9640.3,
        "2022-Q2": 24951.6,
        "2022-Q3": 40092.8,
        "2022-Q4": 57629.1,
        "2023-Q1": 11738.7,
        "2023-Q2": 30151.8,
        "2023-Q3": 48389.4,
        "2023-Q4": 68648.6,
        "2024-Q1": 13764,
        "2024-Q2": 35382.9,
        "2024-Q3": 56803.8,
        "2024-Q4": 80658.3
      },
      {
        "Code": "1712",
        "Klassifikator": "Navoiy viloyati",
        "Klassifikator_ru": "Навоийская область",
        "Klassifikator_en": "Navoi region",
        "2016-Q1": 2380.5,
        "2016-Q2": 5419.3,
        "2016-Q3": 8688.7,
        "2016-Q4": 11959.3,
        "2017-Q1": 2972.9,
        "2017-Q2": 6863.2,
        "2017-Q3": 11198.8,
        "2017-Q4": 15693.1,
        "2018-Q1": 4780.2,
        "2018-Q2": 10866.4,
        "2018-Q3": 17229.5,
        "2018-Q4": 23988.8,
        "2019-Q1": 7518.7,
        "2019-Q2": 16724,
        "2019-Q3": 27469.9,
        "2019-Q4": 38258,
        "2020-Q1": 9945.7,
        "2020-Q2": 22578.1,
        "2020-Q3": 37046.6,
        "2020-Q4": 51800.6,
        "2021-Q1": 12583.5,
        "2021-Q2": 28234.5,
        "2021-Q3": 44381.9,
        "2021-Q4": 61118.4,
        "2022-Q1": 15532.3,
        "2022-Q2": 33874.4,
        "2022-Q3": 52421.6,
        "2022-Q4": 71994.1,
        "2023-Q1": 16832.7,
        "2023-Q2": 39018.5,
        "2023-Q3": 61640.4,
        "2023-Q4": 88215.4,
        "2024-Q1": 21922.1,
        "2024-Q2": 50517.2,
        "2024-Q3": 81217.6,
        "2024-Q4": 117297.8
      },
      {
        "Code": "1714",
        "Klassifikator": "Namangan viloyati",
        "Klassifikator_ru": "Наманганская область",
        "Klassifikator_en": "Namangan region",
        "2016-Q1": 2162.8,
        "2016-Q2": 5459.3,
        "2016-Q3": 9187.9,
        "2016-Q4": 12874.5,
        "2017-Q1": 2895.6,
        "2017-Q2": 7438.6,
        "2017-Q3": 12587.4,
        "2017-Q4": 17798.7,
        "2018-Q1": 3441.6,
        "2018-Q2": 9003,
        "2018-Q3": 15407.1,
        "2018-Q4": 22193.7,
        "2019-Q1": 4573.8,
        "2019-Q2": 11719.5,
        "2019-Q3": 20052.3,
        "2019-Q4": 28391.7,
        "2020-Q1": 5664.6,
        "2020-Q2": 13661.8,
        "2020-Q3": 22600.4,
        "2020-Q4": 32713.2,
        "2021-Q1": 6656.4,
        "2021-Q2": 16867.1,
        "2021-Q3": 28013.6,
        "2021-Q4": 40269.1,
        "2022-Q1": 7817.5,
        "2022-Q2": 20276.9,
        "2022-Q3": 33930.5,
        "2022-Q4": 48513.7,
        "2023-Q1": 9533.7,
        "2023-Q2": 23833.1,
        "2023-Q3": 39631.1,
        "2023-Q4": 58173.7,
        "2024-Q1": 11662,
        "2024-Q2": 28751.1,
        "2024-Q3": 47519.9,
        "2024-Q4": 68915.7
      },
      {
        "Code": "1718",
        "Klassifikator": "Samarqand viloyati",
        "Klassifikator_ru": "Самаркандская область",
        "Klassifikator_en": "Samarkand region",
        "2016-Q1": 3651.8,
        "2016-Q2": 9239.4,
        "2016-Q3": 16939.7,
        "2016-Q4": 23083.3,
        "2017-Q1": 4605.5,
        "2017-Q2": 11855.5,
        "2017-Q3": 21333,
        "2017-Q4": 29852.1,
        "2018-Q1": 5542.5,
        "2018-Q2": 14604,
        "2018-Q3": 25894.6,
        "2018-Q4": 36320.9,
        "2019-Q1": 7371.2,
        "2019-Q2": 18381.5,
        "2019-Q3": 31730.5,
        "2019-Q4": 43558.9,
        "2020-Q1": 8224.9,
        "2020-Q2": 19435.8,
        "2020-Q3": 33600,
        "2020-Q4": 47576,
        "2021-Q1": 10088.6,
        "2021-Q2": 24455.9,
        "2021-Q3": 42264.7,
        "2021-Q4": 59260.4,
        "2022-Q1": 12056.4,
        "2022-Q2": 28792.7,
        "2022-Q3": 49373.8,
        "2022-Q4": 68988.6,
        "2023-Q1": 14806.1,
        "2023-Q2": 35236.4,
        "2023-Q3": 59957.3,
        "2023-Q4": 83149.5,
        "2024-Q1": 17919.3,
        "2024-Q2": 42299.3,
        "2024-Q3": 72542,
        "2024-Q4": 99866.1
      },
      {
        "Code": "1722",
        "Klassifikator": "Surxondaryo viloyati",
        "Klassifikator_ru": "Сурхандарьинская область",
        "Klassifikator_en": "Surkhandarya region",
        "2016-Q1": 2042.4,
        "2016-Q2": 6276.6,
        "2016-Q3": 9305.3,
        "2016-Q4": 12179.6,
        "2017-Q1": 2566.3,
        "2017-Q2": 8070.9,
        "2017-Q3": 12220.8,
        "2017-Q4": 16354.3,
        "2018-Q1": 3206.1,
        "2018-Q2": 9856.2,
        "2018-Q3": 15267.5,
        "2018-Q4": 21229.4,
        "2019-Q1": 4009.8,
        "2019-Q2": 11636.2,
        "2019-Q3": 18180.3,
        "2019-Q4": 25473.1,
        "2020-Q1": 4625.4,
        "2020-Q2": 12789.2,
        "2020-Q3": 19312.7,
        "2020-Q4": 27571.6,
        "2021-Q1": 5394.6,
        "2021-Q2": 15343.8,
        "2021-Q3": 24042.8,
        "2021-Q4": 33591.1,
        "2022-Q1": 6183.1,
        "2022-Q2": 17638.5,
        "2022-Q3": 27771.6,
        "2022-Q4": 39201.8,
        "2023-Q1": 7635,
        "2023-Q2": 21109.3,
        "2023-Q3": 32968.3,
        "2023-Q4": 46999.2,
        "2024-Q1": 9089.1,
        "2024-Q2": 24608.7,
        "2024-Q3": 38732.2,
        "2024-Q4": 54354.1
      },
      {
        "Code": "1724",
        "Klassifikator": "Sirdaryo viloyati",
        "Klassifikator_ru": "Сырдарьинская область",
        "Klassifikator_en": "Syrdarya region",
        "2016-Q1": 1020.5,
        "2016-Q2": 2653.8,
        "2016-Q3": 4467.5,
        "2016-Q4": 6059.8,
        "2017-Q1": 1284,
        "2017-Q2": 3123.4,
        "2017-Q3": 5457,
        "2017-Q4": 7615,
        "2018-Q1": 1643.4,
        "2018-Q2": 3998.8,
        "2018-Q3": 6829.8,
        "2018-Q4": 9602.2,
        "2019-Q1": 2398.4,
        "2019-Q2": 5731,
        "2019-Q3": 9420,
        "2019-Q4": 13593.4,
        "2020-Q1": 2662.1,
        "2020-Q2": 6153.9,
        "2020-Q3": 9817.1,
        "2020-Q4": 14285.1,
        "2021-Q1": 2968.7,
        "2021-Q2": 7180.6,
        "2021-Q3": 11843.6,
        "2021-Q4": 16865.1,
        "2022-Q1": 3390.7,
        "2022-Q2": 8319.7,
        "2022-Q3": 13892.5,
        "2022-Q4": 20155.6,
        "2023-Q1": 4271.2,
        "2023-Q2": 10128.1,
        "2023-Q3": 16425.5,
        "2023-Q4": 24001.7,
        "2024-Q1": 5240.3,
        "2024-Q2": 12201.8,
        "2024-Q3": 19267.8,
        "2024-Q4": 28003.3
      },
      {
        "Code": "1727",
        "Klassifikator": "Toshkent viloyati",
        "Klassifikator_ru": "Ташкентская область",
        "Klassifikator_en": "Tashkent region",
        "2016-Q1": 4525.4,
        "2016-Q2": 10578.1,
        "2016-Q3": 16979.3,
        "2016-Q4": 23876.1,
        "2017-Q1": 5801.8,
        "2017-Q2": 13836.6,
        "2017-Q3": 22571.6,
        "2017-Q4": 31952.3,
        "2018-Q1": 8284.3,
        "2018-Q2": 19442.9,
        "2018-Q3": 31651.9,
        "2018-Q4": 44280.2,
        "2019-Q1": 11753.2,
        "2019-Q2": 27072.8,
        "2019-Q3": 43733.4,
        "2019-Q4": 60995.4,
        "2020-Q1": 14400.2,
        "2020-Q2": 31832.1,
        "2020-Q3": 50707.3,
        "2020-Q4": 70691.6,
        "2021-Q1": 17107.1,
        "2021-Q2": 40109.9,
        "2021-Q3": 63861.4,
        "2021-Q4": 91317.3,
        "2022-Q1": 21169.9,
        "2022-Q2": 47332.6,
        "2022-Q3": 74119.5,
        "2022-Q4": 103244.8,
        "2023-Q1": 22846.8,
        "2023-Q2": 53028.4,
        "2023-Q3": 84005.4,
        "2023-Q4": 121442.6,
        "2024-Q1": 27424.5,
        "2024-Q2": 63657.7,
        "2024-Q3": 102296.1,
        "2024-Q4": 146385.2
      },
      {
        "Code": "1730",
        "Klassifikator": "Farg‘ona  viloyati",
        "Klassifikator_ru": "Ферганская область",
        "Klassifikator_en": "Fergana region",
        "2016-Q1": 3278.1,
        "2016-Q2": 8382.8,
        "2016-Q3": 13069,
        "2016-Q4": 18106.3,
        "2017-Q1": 4330.1,
        "2017-Q2": 10969,
        "2017-Q3": 17435.6,
        "2017-Q4": 24218.2,
        "2018-Q1": 5250.9,
        "2018-Q2": 13513.7,
        "2018-Q3": 22301.5,
        "2018-Q4": 31814,
        "2019-Q1": 6921.3,
        "2019-Q2": 17201.4,
        "2019-Q3": 27596.6,
        "2019-Q4": 38116.4,
        "2020-Q1": 8244.9,
        "2020-Q2": 19309.6,
        "2020-Q3": 30802.4,
        "2020-Q4": 43413.1,
        "2021-Q1": 9785.8,
        "2021-Q2": 24793.7,
        "2021-Q3": 40342.1,
        "2021-Q4": 55831.9,
        "2022-Q1": 11742.7,
        "2022-Q2": 29678.6,
        "2022-Q3": 47328.7,
        "2022-Q4": 65516.9,
        "2023-Q1": 13216.5,
        "2023-Q2": 33984.3,
        "2023-Q3": 53688.1,
        "2023-Q4": 78009,
        "2024-Q1": 15910.3,
        "2024-Q2": 40366.8,
        "2024-Q3": 63620.4,
        "2024-Q4": 91333
      },
      {
        "Code": "1733",
        "Klassifikator": "Xorazm viloyati",
        "Klassifikator_ru": "Хорезмская область",
        "Klassifikator_en": "Khorezm region",
        "2016-Q1": 1799,
        "2016-Q2": 4225.6,
        "2016-Q3": 7296.8,
        "2016-Q4": 10336.6,
        "2017-Q1": 2284.6,
        "2017-Q2": 5516.3,
        "2017-Q3": 9365.2,
        "2017-Q4": 13557.6,
        "2018-Q1": 2918.5,
        "2018-Q2": 7317.2,
        "2018-Q3": 12497.6,
        "2018-Q4": 17763.1,
        "2019-Q1": 3764.7,
        "2019-Q2": 9139.8,
        "2019-Q3": 15326.2,
        "2019-Q4": 21574.3,
        "2020-Q1": 4185.3,
        "2020-Q2": 10069.9,
        "2020-Q3": 16579,
        "2020-Q4": 23531.8,
        "2021-Q1": 5053.4,
        "2021-Q2": 12317.5,
        "2021-Q3": 20882.8,
        "2021-Q4": 29737.2,
        "2022-Q1": 6447.7,
        "2022-Q2": 15704.9,
        "2022-Q3": 26372.4,
        "2022-Q4": 37474.3,
        "2023-Q1": 7768.1,
        "2023-Q2": 18417.6,
        "2023-Q3": 30492.6,
        "2023-Q4": 43666.7,
        "2024-Q1": 9228,
        "2024-Q2": 21998.4,
        "2024-Q3": 36199.7,
        "2024-Q4": 51261
      },
      {
        "Code": "1726",
        "Klassifikator": "Toshkent shahri",
        "Klassifikator_ru": "город Ташкент",
        "Klassifikator_en": "Tashkent city",
        "2016-Q1": 7982.7,
        "2016-Q2": 17316,
        "2016-Q3": 26713.7,
        "2016-Q4": 37164.3,
        "2017-Q1": 11204.9,
        "2017-Q2": 23840.3,
        "2017-Q3": 38424.1,
        "2017-Q4": 55404.6,
        "2018-Q1": 14785.2,
        "2018-Q2": 33539.3,
        "2018-Q3": 52770.7,
        "2018-Q4": 72643,
        "2019-Q1": 19310.8,
        "2019-Q2": 43884.3,
        "2019-Q3": 70377,
        "2019-Q4": 96484.8,
        "2020-Q1": 23924.5,
        "2020-Q2": 48561,
        "2020-Q3": 76371.5,
        "2020-Q4": 107474.4,
        "2021-Q1": 28691.5,
        "2021-Q2": 62574.8,
        "2021-Q3": 98559.4,
        "2021-Q4": 139396.8,
        "2022-Q1": 35186.6,
        "2022-Q2": 78153.2,
        "2022-Q3": 123478.5,
        "2022-Q4": 172469.3,
        "2023-Q1": 44215.3,
        "2023-Q2": 96285.3,
        "2023-Q3": 151185,
        "2023-Q4": 215099.2,
        "2024-Q1": 56239.1,
        "2024-Q2": 122781.7,
        "2024-Q3": 193397.6,
        "2024-Q4": 281147.4
      }
    ]
  }
]